Word;Frequency;
gletscher;158;
mehr;59;
alpen;55;
eis;55;
jahren;49;
jahr;47;
klimawandel;44;
meter;40;
menschen;38;
sei;37;
zwei;37;
seit;36;
schnee;32;
schon;31;
drei;29;
zugspitze;29;
immer;29;
schmelzen;28;
prozent;26;
forscher;26;
wasser;25;
bayerischen;25;
rund;23;
wurden;23;
sommer;22;
neue;22;
wurde;22;
sagte;22;
bayern;22;
gibt;21;
schneeferner;21;
erde;21;
geht;20;
bereits;20;
wissenschaftler;19;
deutlich;19;
worden;19;
studie;19;
besonders;19;
fünf;19;
seien;18;
etwa;18;
große;17;
weltweit;17;
grad;17;
winter;16;
gletscherschmelze;16;
könnten;16;
artikel;16;
alpengletscher;16;
deutschland;15;
ende;15;
mal;15;
dabei;15;
letzten;14;
schnell;14;
davon;14;
vergangenen;14;
weniger;14;
metern;14;
jahre;14;
klimawandels;14;
permafrost;14;
temperaturen;13;
zeigt;13;
berg;13;
folgen;13;
vier;13;
universität;13;
schneller;13;
marmolata;13;
lange;12;
neuen;12;
ziel;12;
fast;12;
glaziologe;12;
masse;12;
laut;12;
verloren;12;
mayer;12;
erderwärmung;12;
beispiel;11;
sagt;11;
ersten;11;
gipfel;11;
experten;11;
erwärmung;11;
konnten;11;
gletschern;11;
zehn;11;
heißt;11;
deutschen;11;
viele;11;
damals;11;
höhe;11;
stark;11;
gletschers;11;
toten;11;
heute;11;
dafür;11;
müssen;10;
kilometer;10;
gebiet;10;
jahrhunderts;10;
unterwegs;10;
zurück;10;
akademie;10;
zürich;10;
deshalb;10;
dolomiten;10;
verlieren;10;
pro;10;
hochgebirge;10;
kommt;9;
verändert;9;
einfluss;9;
warum;9;
wegen;9;
auswirkungen;9;
liegt;9;
pariser;9;
südlichen;9;
stelle;9;
beim;9;
region;9;
wissen;9;
italien;9;
betroffen;9;
emissionen;9;
schweizer;9;
sechs;9;
vergleich;9;
hektar;9;
verschwunden;9;
gehen;9;
dadurch;9;
drittel;9;
rehm;9;
allerdings;9;
bergsteiger;9;
gletscherabbruch;9;
leben;9;
weitere;9;
macht;9;
sehen;8;
deutsche;8;
gerade;8;
sogar;8;
hütte;8;
ergebnis;8;
meeresspiegel;8;
maßnahmen;8;
anstieg;8;
bergführer;8;
könne;8;
weit;8;
entwicklung;8;
christoph;8;
schmilzt;8;
abschmelzen;8;
aufgrund;8;
übrig;8;
ruß;8;
behörden;8;
lawine;8;
verletzt;8;
schmelzwasser;8;
200;8;
pflanzen;8;
wald;8;
direkt;8;
lassen;8;
rolle;8;
zeit;8;
millimeter;8;
rwe;8;
christian;7;
steigen;7;
europäischen;7;
kommen;7;
bisher;7;
zukunft;7;
zunächst;7;
fall;7;
verschwinden;7;
sowie;7;
2100;7;
knapp;7;
ganz;7;
länger;7;
schwer;7;
schweiz;7;
wenig;7;
bayerische;7;
zudem;7;
mitte;7;
genau;7;
erreicht;7;
2018;7;
münchen;7;
großen;7;
eisschmelze;7;
beschleunigt;7;
nächsten;7;
wochen;7;
staub;7;
300;7;
wärmer;7;
weltklimarat;7;
fläche;7;
sieben;7;
1986;7;
finden;7;
größten;7;
tatsächlich;7;
vermissten;7;
verantwortlich;7;
daten;7;
erdachse;7;
natur;6;
klima;6;
berge;6;
zeigen;6;
ebenfalls;6;
zuvor;6;
2020;6;
gerät;6;
außerdem;6;
derzeit;6;
zufolge;6;
steht;6;
regionen;6;
innerhalb;6;
gruppe;6;
klinik;6;
erklärt;6;
nehmen;6;
meisten;6;
gletscherfläche;6;
saharastaub;6;
schmelzende;6;
bald;6;
5.000,00;6;
insgesamt;6;
eth;6;
zahl;6;
südliche;6;
zusammen;6;
nimmt;6;
vermessen;6;
höllentalferner;6;
kaum;6;
provinz;6;
felsen;6;
acht;6;
unglück;6;
ipcc;6;
meint;6;
alpinisten;6;
oben;6;
findet;6;
unten;6;
buche;6;
entdecken;6;
gestein;6;
zentimeter;6;
lässt;6;
bericht;6;
ort;6;
kleiner;6;
welt;6;
meeresspiegels;6;
antarktis;6;
zeitraum;6;
prof.;6;
matthias;6;
huss;6;
millionen;6;
milliarden;6;
bergen;5;
steigt;5;
globalen;5;
hält;5;
führt;5;
skifahren;5;
überrascht;5;
hohen;5;
stand;5;
skigebiet;5;
neues;5;
wanderer;5;
handelt;5;
österreich;5;
denen;5;
erst;5;
großer;5;
klimaschutz;5;
bekannt;5;
gebe;5;
jahrzehnt;5;
mehrere;5;
demnach;5;
polizei;5;
tagen;5;
uhr;5;
höhenmeter;5;
konnte;5;
häufiger;5;
dicke;5;
stellen;5;
inzwischen;5;
glaziologen;5;
bezeichnen;5;
gletschereis;5;
hätten;5;
sagen;5;
bislang;5;
wissenschaften;5;
schlimmes;5;
eigentlich;5;
beobachten;5;
berichtet;5;
darüber;5;
jahrzehnten;5;
zuletzt;5;
montag;5;
nördliche;5;
zugspitzplatt;5;
gar;5;
till;5;
schneefernerhaus;5;
gesehen;5;
eismassen;5;
nordseite;5;
watzmanngletscher;5;
opfer;5;
trient;5;
höchsten;5;
juli;5;
geröll;5;
geborgen;5;
möglich;5;
schaffen;5;
gesagt;5;
steigenden;5;
tal;5;
bewegung;5;
punkt;5;
veränderungen;5;
relativ;5;
untersuchungen;5;
daher;5;
gebäude;5;
beispielsweise;5;
suche;5;
canazei;5;
schneedecke;5;
verletzten;5;
leiter;5;
instabil;5;
fels;5;
pole;5;
2002;5;
szenario;5;
verstehen;5;
wissensangebot;5;
china;5;
ganzen;5;
co2-fußabdruck;5;
co2-ausstoß;5;
tonnen;5;
verursacht;5;
änderungen;5;
gleichzeitig;4;
tragen;4;
erhalten;4;
darauf;4;
schnee-;4;
durchschnitt;4;
doppelt;4;
verschiedene;4;
trend;4;
vielen;4;
wirklich;4;
woche;4;
gletscherbahnen;4;
100;4;
sprechen;4;
wäre;4;
verfahren;4;
stück;4;
landschaft;4;
hälfte;4;
teil;4;
sogenannten;4;
bestimmen;4;
nie;4;
temperaturanstieg;4;
1;5;4
prozess;4;
berechnungen;4;
team;4;
größe;4;
retten;4;
halten;4;
2050;4;
erreichen;4;
frauen;4;
gestürzt;4;
hinaus;4;
luft;4;
gebracht;4;
männer;4;
untersucht;4;
dpa;4;
kurz;4;
natürlich;4;
tag;4;
lagen;4;
folge;4;
überzeugt;4;
größer;4;
wann;4;
schneeschmelze;4;
130;4;
dick;4;
bewegt;4;
veröffentlichten;4;
eisverlust;4;
beobachtungen;4;
treibhausgase;4;
2019;4;
erwärmt;4;
teilte;4;
früher;4;
dr.;4;
forschungsstation;4;
rettungskräfte;4;
gelegenen;4;
elf;4;
höher;4;
darunter;4;
mann;4;
frau;4;
tage;4;
abgang;4;
kaukasus;4;
teile;4;
beschäftigte;4;
hofmuth;4;
beschäftigten;4;
spielen;4;
gut;4;
regelmäßigen;4;
sonntag;4;
ungefähr;4;
geschwindigkeit;4;
bayerns;4;
gefahr;4;
gefährdet;4;
wachsen;4;
hundert;4;
passiert;4;
zirbe;4;
stüdlhütte;4;
boden;4;
fehlt;4;
erste;4;
mithilfe;4;
bedroht;4;
tot;4;
bergsteigen;4;
gefährlicher;4;
vermisst;4;
heutigen;4;
schützen;4;
italienischen;4;
draghi;4;
steilen;4;
zugspitzgipfel;4;
messner;4;
sogenannte;4;
globale;4;
gelten;4;
sieht;4;
alpenraum;4;
nature;4;
eisschilde;4;
weltweiten;4;
geographischen;4;
umwelt;4;
atmosphäre;4;
spielt;4;
ozeane;4;
grundwasservorkommen;4;
pol;4;
teilweise;4;
alleine;4;
glauber;4;
lebensraum;4;
kleinen;4;
jährlich;4;
internationalen;4;
abhängig;4;
einhalten;4;
sonderbericht;4;
kryosphäre;4;
greenpeace;4;
söder;4;
ötzi;4;
sprachwissenschaftler;4;
sprache;4;
gericht;4;
dorf;4;
schlamm;4;
eibsee;4;
bergsturz;4;
inneren;4;
schneidermeier;3;
persönlichen;3;
jedoch;3;
tun;3;
lawinen;3;
leute;3;
grund;3;
rechnen;3;
saison;3;
alpenverein;3;
pläne;3;
lesen;3;
pitztaler;3;
kaunertaler;3;
tiroler;3;
ötztaler;3;
seiten;3;
skigebieten;3;
lifte;3;
sollen;3;
massiv;3;
dav;3;
massiven;3;
wasserknappheit;3;
dürften;3;
bisherige;3;
ausmaß;3;
untersuchung;3;
beteiligt;3;
quadratkilometer;3;
komplett;3;
staaten;3;
thema;3;
somit;3;
schmelze;3;
frühjahr;3;
vielleicht;3;
piste;3;
krankenhaus;3;
blieben;3;
wenigen;3;
grenze;3;
soldaten;3;
mensch;3;
heißen;3;
quer;3;
verpflegung;3;
einschätzung;3;
konsequenzen;3;
eisfrei;3;
beeinflussen;3;
verliert;3;
müssten;3;
reduziert;3;
anstrengung;3;
wichtig;3;
klimaforscher;3;
arten;3;
extrem;3;
messungen;3;
ergebnisse;3;
status;3;
bereichen;3;
halbiert;3;
mache;3;
professor;3;
hochschule;3;
letzte;3;
scnat;3;
mittwoch;3;
bedeutet;3;
phänomen;3;
erstreckt;3;
gesamten;3;
höhen;3;
gab;3;
schön;3;
prognosen;3;
gelingt;3;
reduzieren;3;
folien;3;
massiver;3;
sonneneinstrahlung;3;
ewiges;3;
aktuelle;3;
hart;3;
wallis;3;
hitze;3;
vermehrt;3;
statt;3;
verbleibende;3;
anblick;3;
geophysiker;3;
arbeitet;3;
warm;3;
wärme;3;
energie;3;
größte;3;
gehabt;3;
regelmäßig;3;
dürfte;3;
neben;3;
beide;3;
liegen;3;
autonome;3;
erklärte;3;
eigenen;3;
massive;3;
gletscher-;3;
gegend;3;
gefunden;3;
magnus-werkstätten;3;
holzhausen;3;
gletscherbahn;3;
ausflug;3;
erzählt;3;
grünen;3;
geröllwüste;3;
höhenmetern;3;
langsamer;3;
schwierig;3;
zusätzlich;3;
biergarten;3;
drohen;3;
mittlerweile;3;
untersuchen;3;
gleichen;3;
urwald;3;
michiels;3;
pflanzenarten;3;
fichtenwald;3;
mittelfristig;3;
wirkt;3;
wächst;3;
fanden;3;
lebensräume;3;
beitragen;3;
stabil;3;
ähnlich;3;
ausgangspunkt;3;
frage;3;
beeinflusst;3;
krautblatter;3;
zustand;3;
hütten;3;
verändern;3;
ganze;3;
stieg;3;
samstag;3;
geröllmassen;3;
dennoch;3;
tote;3;
familien;3;
ging;3;
zeitpunkt;3;
hinzu;3;
bilden;3;
gering;3;
letztendlich;3;
groß;3;
hoffnung;3;
untergrund;3;
bleibt;3;
bergrettung;3;
dellantonio;3;
italiens;3;
mario;3;
regierungschef;3;
fuße;3;
festgesetzt;3;
erfasst;3;
geworden;3;
gefährlich;3;
himalaya;3;
gehören;3;
fels-;3;
aktuell;3;
regierung;3;
juni;3;
flecken;3;
europa;3;
beiden;3;
satellitenbilder;3;
nasa;3;
nordpol;3;
verschiebt;3;
poldrift;3;
1990er;3;
wahrscheinlich;3;
wanderschaft;3;
erdoberfläche;3;
bewegungen;3;
flüsse;3;
faktoren;3;
erstmals;3;
grace;3;
grace-fo;3;
zwanzig;3;
1995;3;
erklären;3;
osten;3;
rest;3;
spricht;3;
bergregionen;3;
geführt;3;
dunkler;3;
menge;3;
forscherinnen;3;
überall;3;
bild;3;
meeresspiegelanstieg;3;
küstenregionen;3;
skiurlaub;3;
co2;3;
schnitt;3;
auto;3;
winterurlaub;3;
gemacht;3;
co2-emissionen;3;
gilt;3;
größere;3;
4.000,00;3;
vorindustriellen;3;
klimaziele;3;
wichtigste;3;
länder;3;
ländern;3;
fluss;3;
1;8;3
1;5-grad-ziel;3
gletschervolumen;3;
klar;3;
bekommen;3;
ökosysteme;3;
arktis;3;
2015;3;
hergestellt;3;
erneut;3;
katastrophe;3;
xinjiang;3;
verdoppelt;3;
quadratmeter;3;
fest;3;
2012;3;
straße;3;
klage;3;
saas-grund;3;
lfu;3;
oft;2;
bergwelt;2;
gedanken;2;
bergsport;2;
bewusst;2;
versuchen;2;
einfach;2;
verbundenheit;2;
skitouristen;2;
felix;2;
fahren;2;
hersteller;2;
hinein;2;
verlassen;2;
zynisch;2;
stellungnahme;2;
augen;2;
trotz;2;
februar;2;
landesregierung;2;
eingereicht;2;
alpenvereins;2;
zeigte;2;
langen;2;
bahn;2;
mittelbergferner;2;
hoher;2;
geplante;2;
planung;2;
heranrückt;2;
umsetzung;2;
einstigen;2;
befinden;2;
betont;2;
freigegeben;2;
verhandlung;2;
rasante;2;
kaunertal;2;
gehört;2;
geplant;2;
bergsteigern;2;
nachhaltige;2;
erhöht;2;
bestehenden;2;
erhöhen;2;
darum;2;
notwendigen;2;
ausbau;2;
angesichts;2;
teils;2;
fachjournal;2;
veröffentlichte;2;
steigende;2;
veränderte;2;
begrenzt;2;
autoren;2;
verlangsamen;2;
erkenntnisse;2;
völlig;2;
bestätigt;2;
internationale;2;
betrachtet;2;
vorher;2;
helmholtz-zentrum;2;
zusammenhang;2;
durchschnittlichen;2;
abkommen;2;
un-klimakonferenz;2;
2021;2;
deren;2;
durchschnittstemperatur;2;
westlichen;2;
kommenden;2;
tirol;2;
28-jährige;2;
gleich;2;
stürzten;2;
daran;2;
abschnitt;2;
offenbar;2;
orf-bericht;2;
polizeisprecher;2;
nachrichtenagentur;2;
stunde;2;
hieß;2;
kam;2;
tödlich;2;
südtiroler;2;
gerald;2;
holzer;2;
josef;2;
plangger;2;
mazzag;2;
ortler;2;
südtirols;2;
nahe;2;
einzige;2;
entschieden;2;
besonderes;2;
route;2;
frontlinie;2;
ortlermassiv;2;
verläuft;2;
1915;2;
gegenüber;2;
krieg;2;
begann;2;
tiefer;2;
gehalten;2;
mussten;2;
per;2;
hand;2;
verzeichnen;2;
andernorts;2;
kunstmann;2;
temperaturerhöhung;2;
all;2;
wasserhaushalt;2;
risiken;2;
hochwasser;2;
muren;2;
strahlend;2;
weißer;2;
neuschnee;2;
zugenommen;2;
september;2;
georadar-messungen;2;
durchgeführt;2;
eises;2;
nahm;2;
weiten;2;
tiefsten;2;
zugleich;2;
schneeferners;2;
toteis;2;
infolgedessen;2;
bedeckt;2;
messen;2;
wilfried;2;
hagg;2;
eisrest;2;
2022;2;
schreibt;2;
naturwissenschaften;2;
mitteilung;2;
expertenkommission;2;
eisvolumens;2;
ursachen;2;
rein;2;
wären;2;
2010;2;
mittel;2;
schutz;2;
weder;2;
überraschung;2;
trotzdem;2;
speziell;2;
anlass;2;
ergreifen;2;
mahnt;2;
situation;2;
kleine;2;
eingestellt;2;
schmolz;2;
3.000,00;2;
zeigten;2;
inmitten;2;
sonne;2;
aufnimmt;2;
bisherigen;2;
träfe;2;
klimaabkommen;2;
danach;2;
viertel;2;
süßwasserreserven;2;
unserer;2;
geringen;2;
betrachten;2;
vollständig;2;
zunge;2;
dunkle;2;
voraussichtlich;2;
oberhalb;2;
schneearm;2;
reflektiert;2;
alten;2;
aufzeichnungen;2;
berechnet;2;
längst;2;
kälte;2;
längere;2;
bekommt;2;
blaueis;2;
berchtesgadener;2;
norditalienischen;2;
felssturz;2;
abgegangen;2;
überflogen;2;
mögliche;2;
unklar;2;
sprecher;2;
nachfrage;2;
gesteinsbrocken;2;
grat;2;
angaben;2;
anfang;2;
kamen;2;
ums;2;
abbrach;2;
begraben;2;
pausenlos;2;
löste;2;
niemand;2;
spalte;2;
klimawandelsexperten;2;
führten;2;
gewöhnlich;2;
begünstigt;2;
zählt;2;
schwersten;2;
bedrohungen;2;
skandinavien;2;
zentraleuropa;2;
halben;2;
jahrhundert;2;
aletschgletscher;2;
augenzeuge;2;
2.800,00;2;
wracks;2;
überreste;2;
hüttenwirt;2;
bergung;2;
behinderung;2;
landkreis;2;
lech;2;
gatterl;2;
knorrhütte;2;
handicap;2;
norbert;2;
wanderung;2;
nennt;2;
stimmung;2;
gegangen;2;
wandertruppe;2;
wiesen;2;
graue;2;
verwandelt;2;
wäldern;2;
voran;2;
übers;2;
gegenseitig;2;
gerne;2;
bisschen;2;
sicht;2;
treibt;2;
eisflächen;2;
tödlichen;2;
erneuter;2;
abbruch;2;
nachdem;2;
mitteilte;2;
gesperrt;2;
brocken;2;
abgebrochen;2;
erwischte;2;
normalen;2;
riss;2;
tschechische;2;
geschmolzen;2;
restlichen;2;
bergwald;2;
wetterstein;2;
gestiegen;2;
forstwissenschaftler;2;
hans-gerd;2;
bäume;2;
nachweisen;2;
erster;2;
prägt;2;
subalpinen;2;
ewald;2;
baumarten;2;
druck;2;
mischwald;2;
besondere;2;
raster;2;
kudernatsch;2;
überlegt;2;
langsam;2;
tolle;2;
exakt;2;
aufnahme;2;
ausschließen;2;
größerer;2;
verschiedenen;2;
gefäßpflanzen;2;
moosen;2;
fichte;2;
alter;2;
250;2;
felswände;2;
sicher;2;
her;2;
schwieriger;2;
wohl;2;
hang;2;
näher;2;
kitt;2;
sektion;2;
wissenschaftliche;2;
gegeben;2;
michael;2;
hanges;2;
fließt;2;
plus;2;
schützende;2;
schicht;2;
gelangt;2;
warme;2;
aufwändige;2;
stabilisieren;2;
künftig;2;
investitionen;2;
allein;2;
hochwildehaus;2;
geschlossen;2;
mair;2;
alpine;2;
weitergeht;2;
bleiben;2;
unglücks;2;
einsatzkräfte;2;
weiteren;2;
eis-;2;
leichen;2;
zugeordnet;2;
jüngste;2;
medienberichten;2;
unterhalb;2;
belluno;2;
kündigte;2;
einsatz;2;
bergmassiv;2;
arbeiten;2;
jeweils;2;
material;2;
identifiziert;2;
personen;2;
deutscher;2;
entlassen;2;
stadt;2;
präsident;2;
stundenkilometern;2;
wetter;2;
rechnet;2;
verglichen;2;
eher;2;
durchschnittlich;2;
nahrung;2;
schneearme;2;
sonnenlicht;2;
quasi;2;
weiteres;2;
sorgt;2;
tausend;2;
hintergrund;2;
weißen;2;
aufwand;2;
ereignete;2;
bestand;2;
verschüttet;2;
drohnen;2;
bestätigte;2;
ermittelt;2;
fortgesetzt;2;
überlebende;2;
räumte;2;
kleidung;2;
reste;2;
maurizio;2;
dinge;2;
eislawine;2;
mitgerissen;2;
kleinere;2;
ministerpräsident;2;
weint;2;
besuch;2;
dankte;2;
einsatzkräften;2;
drückte;2;
anteilnahme;2;
dauern;2;
graben;2;
verheerenden;2;
gletscherbruch;2;
ursache;2;
aussage;2;
felsstürzen;2;
ferne;2;
rät;2;
bergsportlern;2;
vorsicht;2;
zumindest;2;
problem;2;
séracs;2;
touren;2;
auge;2;
infolge;2;
bringen;2;
klimas;2;
turm;2;
beigetragen;2;
normalerweise;2;
übergang;2;
franz;2;
perchtold;2;
genug;2;
küstengebiete;2;
grönland;2;
2017;2;
satelliten;2;
gen;2;
nördlichen;2;
forschende;2;
fachartikel;2;
verteilt;2;
genauso;2;
unterirdische;2;
sichtbar;2;
messbar;2;
startete;2;
schwerefeld;2;
verschiebung;2;
gigatonnen;2;
massenverteilung;2;
1981;2;
szenarien;2;
terrestrische;2;
wasserverteilung;2;
gemessen;2;
beobachteten;2;
alaska;2;
anden;2;
mittlere;2;
kalifornien;2;
vorkommen;2;
weise;2;
umweltminister;2;
thorsten;2;
einzigen;2;
bildern;2;
beobachtung;2;
festgestellt;2;
insbesondere;2;
stärkeren;2;
verdunsten;2;
erhöhten;2;
förmlich;2;
entspricht;2;
geben;2;
speisen;2;
erhöhte;2;
wahre;2;
schwinden;2;
studien;2;
kontinuierlich;2;
methode;2;
ausgewertet;2;
nature-studie;2;
gerechnet;2;
verhalten;2;
klein;2;
reagieren;2;
anomalien;2;
karakoram-region;2;
art;2;
eben;2;
global;2;
satellitenbildern;2;
dauerhaft;2;
skisaison;2;
mehreren;2;
lag;2;
energiebedarf;2;
aktivitäten;2;
maßgeblich;2;
anhand;2;
pro-kopf-ausstoß;2;
vorarlberg;2;
unterkunft;2;
skifahrer;2;
reisen;2;
weite;2;
anreise;2;
desto;2;
kürzer;2;
2000;2;
durchschnittliche;2;
zurückgegangen;2;
mengen;2;
himalaja;2;
november;2;
anstatt;2;
temperatur;2;
dagegen;2;
ursprung;2;
zentrums;2;
nepal;2;
hindukusch-himalaja-region;2;
gletschereises;2;
überflutungen;2;
entlang;2;
eingeschlossen;2;
freigesetzt;2;
organisationen;2;
gesamtfläche;2;
blaueisgletscher;2;
besten;2;
1959;2;
geowissenschaftler;2;
april;2;
rückgang;2;
geografen;2;
mess-methode;2;
analysiert;2;
einzelne;2;
oberfläche;2;
climate;2;
7.000,00;2;
warnung;2;
indirekt;2;
ozean;2;
hinblick;2;
kosten;2;
form;2;
meeren;2;
stattfindet;2;
meere;2;
gefrorenen;2;
zeitalter;2;
beweise;2;
hoesung;2;
lee;2;
appelliert;2;
treibhausgasemissionen;2;
herausforderung;2;
plattner;2;
eidgenössischen;2;
technischen;2;
fachzeitschrift;2;
eisverluste;2;
schätzungen;2;
klimaschutzzielen;2;
dürfen;2;
ausgestoßen;2;
beginn;2;
senken;2;
menschheit;2;
regeln;2;
beteiligten;2;
kattowitz;2;
klimaschutzziele;2;
qinghai;2;
analyse;2;
east;2;
rückzugsrate;2;
nummer;2;
satellitenanalyse;2;
monaten;2;
august;2;
kubikmeter;2;
evakuierung;2;
oktober;2;
fünftel;2;
asiens;2;
dritten;2;
nationalpark;2;
investiert;2;
zielvorgaben;2;
tobias;2;
hipp;2;
klimaexperte;2;
wandbereiche;2;
lkr;2;
bernd;2;
heine;2;
grammatik;2;
sprachen;2;
geklungen;2;
hamm;2;
haus;2;
mitverantwortlich;2;
lliuya;2;
kläger;2;
gemeinde;2;
zentimetern;2;
3.300,00;2;
ehemaligen;2;
heutige;2;
gang;2;
einst;2;
staut;2;
stress;2;
schwerer;2;
vermuten;2;
scheint;2;
erneuten;2;
landesamts;2;
bohrung;2;
scharf;2;
geologischen;2;
dienstes;2;
roland;2;
eichhorn;2;
geboren;1;
tegernsees;1;
lädt;1;
akkus;1;
plagen;1;
negative;1;
krise;1;
mitschuld;1;
bergtouristen;1;
bringt;1;
geschäftsführer;1;
sportartikelherstellers;1;
wirbt;1;
verantwortung;1;
produkten;1;
kunden;1;
kundinnen;1;
aufmerksam;1;
punkte;1;
beachten;1;
steigtzum;1;
lawinengebiete;1;
meiden;1;
risiko;1;
instituts;1;
lawinenforschung;1;
herausgefunden;1;
schönwetterperioden;1;
brüchiger;1;
konsumverhalten;1;
merkt;1;
sattelberger;1;
tätig;1;
sportmarke;1;
definitiv;1;
wandel;1;
branche;1;
schneesaison;1;
monat;1;
verkürzt;1;
ski;1;
reto;1;
aeschbacher;1;
skibranche;1;
stabiler;1;
markt;1;
produktgruppen;1;
durchwachsener;1;
saisondieser;1;
sportartikel-herstellern;1;
breiter;1;
aufstellen;1;
sportarten;1;
bedienen;1;
versucht;1;
individueller;1;
anzugehen;1;
entwickeln;1;
umsatz;1;
wintersport;1;
durchwachsenen;1;
stecken;1;
zwickmühle;1;
teurer;1;
energiekrise;1;
reisebedürfnis;1;
ungebrochen;1;
ausbaupläne;1;
pitztal;1;
schimpft;1;
neuerschließungen;1;
neureuther;1;
lokalen;1;
pressekonferenz;1;
überraschend;1;
erschließungsprojekte;1;
präsentiert;1;
15.;1;
sprecherin;1;
österreichischen;1;
überrumpelt;1;
vorgehen.neuerschließung;1;
wildspitzebesonders;1;
markant;1;
plan;1;
1;7;1
nordtirols;1;
höchstem;1;
wildspitze;1;
fernerjochbahn;1;
joch;1;
3.270,00;1;
linken;1;
fernerkogels;1;
erschließen;1;
jahrelang;1;
medialen;1;
kreuzfeuer;1;
ursprünglich;1;
geplanten;1;
skigebiets-;1;
ehe;1;
ötztal;1;
vorgipfel;1;
bergstation;1;
beseitigt;1;
bergkamm;1;
kritiker;1;
scheibchenweisen;1;
gletscher-ehe;1;
.ein;1;
dreitausender;1;
fernerjoch;1;
herabziehenden;1;
pistengelände;1;
genutzt;1;
fernwanderweg;1;
beliebtesten;1;
alpenüberquerung;1;
stehende;1;
braunschweiger;1;
umgeben;1;
betonen;1;
neuerschließungspläne;1;
gewidmeten;1;
skinutzungsraum;1;
jahrelangen;1;
gletscherehe;1;
behördlichen;1;
untragbare;1;
landschaftsbild;1;
attestiert;1;
landesumweltanwaltschaft;1;
seltene;1;
pionierlandschaft;1;
zurückgehenden;1;
umweltverträglichkeitsprüfung;1;
abgesagt;1;
zahlreiche;1;
umweltrechtliche;1;
fragen;1;
aufgeworfen;1;
söldener;1;
bergbahnen;1;
auftauenden;1;
rettenbachferner;1;
freigegebene;1;
schwerem;1;
bearbeiten;1;
pisten;1;
betreiben;1;
können.erschließungspläne;1;
weißseespitzeumso;1;
überraschender;1;
alpenvereine;1;
erschließung;1;
3.518,00;1;
weißseespitze;1;
seilbahn;1;
weißseeköpfl;1;
3.450,00;1;
gletscherberg;1;
beliebtes;1;
skitourengehern;1;
naturpark;1;
welttourismusorganisation;1;
best;1;
tourism;1;
villages;1;
nachhaltigkeit;1;
ausgezeichnet;1;
bahnen;1;
entwicklungsprogramms;1;
ökonomisch;1;
ökologisch;1;
sozial;1;
bahnbetreiber;1;
attraktivierung;1;
angebote;1;
verweildauer;1;
gäste;1;
erweiterung;1;
photovoltaikanlage;1;
anlage;1;
eigene;1;
energieproduktion;1;
projekte;1;
demnächst;1;
ausgang;1;
unbestimmtbei;1;
feststellungsverfahren;1;
genehmigungspflichten;1;
umweltverträglichkeitsprüfungsgesetz;1;
erschließungsvorhaben;1;
fallen;1;
wintersaison;1;
alpinskitourismus;1;
diskussion;1;
geraten;1;
eingehende;1;
stellungnahmen;1;
naturschutzorganisationen;1;
alpenvereinen;1;
detailplanungen;1;
kennen;1;
konflikten;1;
mehrmals;1;
entsprechende;1;
vorhaben;1;
bundesverwaltungsgericht;1;
wien;1;
gescheitert;1;
ausreichendes;1;
öffentliches;1;
interesse;1;
vorlag;1;
eingriffe;1;
rechtfertigen;1;
gravierenden;1;
ernüchterndes;1;
science;1;
günstigsten;1;
klimaerwärmung;1;
flora;1;
fauna;1;
fortschreitenden;1;
schmelzens;1;
eisfelder;1;
verdichtetem;1;
alt-schnee;1;
sein.der;1;
215.000,00;1;
berücksichtigten;1;
mutmachendere;1;
botschaft;1;
sofortige;1;
zehntel;1;
eingesparte;1;
neu;1;
alarmierendmit;1;
david;1;
rounce;1;
carnegie;1;
mellon;1;
university;1;
pittsburgh;1;
diverse;1;
prozesse;1;
detailliert;1;
angeschaut;1;
herauskommt;1;
olaf;1;
eisen;1;
alfred-wegener-institut;1;
polar-;1;
meeresforschung.der;1;
linearem;1;
vereinbarten;1;
maximale;1;
quadratkilometern;1;
abschmelzen.ausgehend;1;
klimazusagen;1;
cop26;1;
glasgow;1;
grundlage;1;
2;7;1
prognostiziert;1;
nahezu;1;
zählten;1;
kanada;1;
vereinigten;1;
neuseeland.deutsche;1;
eisens;1;
worten;1;
weggeschmolzen;1;
gleiche;1;
schicksal;1;
ereilen;1;
vorangehe;1;
hänge;1;
lediglich;1;
wintern;1;
kriegen;1;
kalt;1;
nass;1;
vermutlich;1;
skifahrerinnen;1;
verhängnis;1;
neujahrstag;1;
steilpiste;1;
hintertuxer;1;
zillertal;1;
niederländerin;1;
erlitt;1;
tödliche;1;
verletzungen.über;1;
geschleudertdass;1;
tages;1;
betreffende;1;
steil;1;
eisig;1;
sturz;1;
sicherheitszaun;1;
durchbrach;1;
geländekante;1;
geschleudert;1;
prallte;1;
baum;1;
starb;1;
unfallstelle;1;
apa;1;
unfälle;1;
kürzester;1;
zeitauch;1;
27-jährige;1;
begleiterin;1;
stürzte;1;
verletzte;1;
kufstein;1;
niederländischen;1;
unverletzt;1;
55-jährige;1;
halbe;1;
später;1;
selben;1;
lebensgefährlichen;1;
verletzungen;1;
innsbruck;1;
geflogen.die;1;
stürzen;1;
jugendliche;1;
verunglückt.mit;1;
informationen;1;
afp;1;
frühstück;1;
kerzenschein;1;
tisch;1;
kaffee;1;
daneben;1;
weißbrot;1;
marmelade;1;
holzgetäfelten;1;
gastraum;1;
berglhütte;1;
sitzen;1;
morgen;1;
3.905,00;1;
besteigen;1;
namhaftesten;1;
gelegen;1;
westen;1;
vinschgau;1;
leicht;1;
aufstiegsrouten;1;
obendrein;1;
verhältnismäßig;1;
begangen;1;
aspiranten;1;
1.700,00;1;
bewältigen;1;
abstieg;1;
schreckt;1;
blut;1;
stahl;1;
edelweiß;1;
dolomitenkrieg;1;
sucht;1;
geringeren;1;
widerstandes;1;
probleme;1;
höhenunterschied;1;
vermutet;1;
gästen;1;
freunden;1;
gewählten;1;
stellungsresten;1;
weltkrieg;1;
vorbeikommen;1;
engagieren;1;
verein;1;
erinnerung;1;
kriegsjahre;1;
wachhalten;1;
aufgetaut;1;
gletscherschwund;1;
bemerkbar;1;
macht.unterwegs;1;
österreichisch-ungarische;1;
italienische;1;
k.u.k.-monarchie;1;
dreibund;1;
bündnis;1;
österreich-ungarn;1;
verband;1;
aufgekündigt;1;
grenzen;1;
wettlauf;1;
militärs;1;
derjenige;1;
liegenden;1;
übergänge;1;
kontrollieren;1;
höchstgelegenen;1;
front;1;
höchstgelegene;1;
geschützstellung;1;
eingerichtet;1;
österreich-ungarns;1;
russische;1;
kriegsgefangene;1;
kanonen;1;
hinaufziehen;1;
geländegewinne;1;
waffenstillstand;1;
1918;1;
geschütze;1;
munition;1;
uniformen;1;
feldpost;1;
vieles;1;
unzugänglichen;1;
stellungen;1;
klimaforschers;1;
harald;1;
augsburg;1;
br24;1;
fernsehen;1;
ernst;1;
eisfreikunstmann;1;
erwartet;1;
weitgehend;1;
flüssen;1;
lande;1;
südlicher;1;
gletscher-statusin;1;
schneearmer;1;
begleitet;1;
niederschlagsarmen;1;
wasserstand;1;
flusses;1;
situationen;1;
einstellen;1;
kunstmann.emission;1;
rettung;1;
senkenum;1;
weltweite;1;
alpenanrainer;1;
unternehmen;1;
resultierenden;1;
anzupassen;1;
beispiele;1;
nannte;1;
dürre;1;
extremereignissen;1;
kaiserwetter;1;
blauer;1;
himmel;1;
schein;1;
trügt;1;
wahrheit;1;
mondlandschaft;1;
ausgesehen;1;
zurückliegenden;1;
alarmiert;1;
fatal;1;
flugzeugwrack;1;
freisüdlicher;1;
messung;1;
seitdem;1;
beschäftigen;1;
aktiven;1;
verbunden;1;
meist;1;
sedimenten;1;
deswegen;1;
schaltet;1;
geräte;1;
beendet;1;
ära;1;
1892;1;
vermessungen;1;
vorgenommenen;1;
sinn;1;
sowieso;1;
katastrophal;1;
kubikkilometer;1;
verbleibenden;1;
bezeichnet;1;
frühling;1;
heiße;1;
br-interview.zum;1;
istmassive;1;
phänomennein;1;
beobachtete;1;
schweizerisches;1;
alpenbogen;1;
extremen;1;
supersommer;1;
durchgehend;1;
ausnahmejahr;1;
regel;1;
münchner;1;
hinfällig;1;
vorhergesagt.glaziologe;1;
erhalt;1;
reduktion;1;
treibhausgaseum;1;
stoppen;1;
2011;1;
weiß;1;
schädlichen;1;
wenigstens;1;
paar;1;
übrigbleiben;1;
abdecken;1;
illusorisch;1;
personell;1;
finanziell;1;
machbar;1;
abgesehen;1;
produktion;1;
anbringen;1;
entsorgen;1;
schädliche;1;
erzeugen.die;1;
nachzudenken;1;
wohin;1;
endlich;1;
forscher.zum;1;
ursacheneine;1;
treffe;1;
pizolgletscher;1;
vadret;1;
dal;1;
corvatsch;1;
schwarzbachfirn;1;
praktisch;1;
engadin;1;
wissenschaftlern;1;
eisschicht;1;
maximum;1;
gletscherzungen;1;
zerfallen;1;
felsinseln;1;
dünnen;1;
auftauchen;1;
andauernde;1;
verunreinigt;1;
rekorde;1;
bricht.gletscherschmelze;1;
prognose;1;
grad-ziel;1;
eingehalten;1;
halbiert.warum;1;
angehenwenn;1;
herrscht;1;
überangebot;1;
folgt;1;
bestehen;1;
flussbetten;1;
trocknen;1;
grundwasserpegel;1;
sinkt;1;
wichtiger;1;
verloren.in;1;
eisdicke;1;
eisbewegung;1;
erwarten;1;
eigenständiger;1;
istforscher;1;
abschmelzendie;1;
weiß-glänzend;1;
klägliche;1;
schwarze;1;
eisreste;1;
geblieben;1;
verlustes;1;
2018.;1;
schneefrei;1;
skistation;1;
sonnalpin;1;
grau-schwarzen;1;
eisfleck;1;
zurückzieht;1;
vorstellen;1;
jahrhunderten;1;
ablagere;1;
frühe;1;
direkter;1;
nachbarschaft;1;
gletscherschmelzein;1;
phänomene;1;
märz;1;
schwarzes;1;
t-shirt;1;
trägst;1;
zieht;1;
sonnenstrahlung;1;
restgletscher;1;
eisdecke;1;
maximal;1;
dickdie;1;
tausenden;1;
gewachsen;1;
1820;1;
ausbreitung;1;
1940er;1;
50er;1;
wachstumsphasen;1;
eng;1;
dicksten;1;
mächtig;1;
ziemlich;1;
schlepplifts;1;
wackligen;1;
stelzen;1;
lebender;1;
natürliches;1;
wachstum;1;
fachleute;1;
toteisfeld;1;
lebenszeit;1;
schatten;1;
lawinenschnee;1;
ab.insgesamt;1;
wobei;1;
offiziellen;1;
zählung;1;
wackelkandidat;1;
vorhanden;1;
wissenschaft;1;
kernmerkmal;1;
dienstagnachmittag;1;
auszuschließen;1;
abbrachen;1;
zugänglichen;1;
talwärts;1;
schlossen;1;
normalweise;1;
genutzte;1;
julian;1;
auslöste;1;
überwacht;1;
gesteinsabbrüche;1;
möglich.nur;1;
weiterer;1;
warnten;1;
aufgetan;1;
habe.einfluss;1;
1968;1;
abgestürztes;1;
kleinflugzeug;1;
schmelzenden;1;
wiederentdeckt;1;
berufung;1;
berichtete;1;
piper;1;
cherokee;1;
absturzort;1;
walliser;1;
alpen.drei;1;
gekommendie;1;
verunglückten;1;
insassen;1;
flugzeuges;1;
abtransport;1;
technisch;1;
zürcher;1;
zeitung;1;
todesopfern;1;
lehrer;1;
arzt;1;
sohn;1;
gehandelt;1;
habe.wrack;1;
werdender;1;
stefan;1;
gafner;1;
konkordiahütte;1;
wrack;1;
verborgen;1;
liege;1;
worden.der;1;
vorschein;1;
bat;1;
funde;1;
melden;1;
verletzungsgefahr;1;
anzufassen;1;
planungen;1;
gange;1;
morgens;1;
startet;1;
bus;1;
einrichtung;1;
landsberg;1;
werkstätten;1;
begleitpersonen;1;
erklimmen;1;
ehrwald;1;
stunden;1;
1.500,00;1;
angesetzt;1;
inklusive;1;
pausen;1;
idee;1;
arbeitssicherheit;1;
zuständig;1;
mitarbeiter;1;
begleitmaßnahmen;1;
fahrrad;1;
schwimmen;1;
kicker;1;
bergwandern;1;
herausfordernde;1;
aufs;1;
angestellten;1;
gemacht.zum;1;
rollstuhl;1;
barrierefreiheit;1;
versuch;1;
allgäugute;1;
loslaufenin;1;
vergangen;1;
geübt;1;
strecke;1;
kenne;1;
traue;1;
ehrwalder;1;
almbahn;1;
losläuft;1;
isabelle;1;
hill;1;
reaktion;1;
bekannten;1;
gemeint;1;
anstrengend;1;
schafft;1;
trink-;1;
verschnaufpausen;1;
schlängelt;1;
dünenartige;1;
erhebungen;1;
scharfkantigen;1;
steinen.die;1;
okay;1;
initiator;1;
tiefs;1;
überwunden;1;
felsige;1;
passage;1;
müsse;1;
hilfsbereitschaft;1;
wandererndie;1;
helfen;1;
reichen;1;
büroangestellte;1;
lisa;1;
schlichting;1;
begleitperson;1;
mag;1;
total;1;
anzutreiben;1;
lachend.auch;1;
büro;1;
vorbeischauen;1;
büroalltag;1;
erheitern;1;
finanziert;1;
arbeitszeit;1;
teilnehmenden;1;
förderverein;1;
regens;1;
wagner;1;
gehören.ausblick;1;
begeistert;1;
beschäftigtendie;1;
vorbeilaufen;1;
stefanie;1;
ehlert;1;
pur;1;
freue;1;
bier;1;
trinken;1;
begeisterte;1;
wintersportlerin;1;
skilifte;1;
gelegentlichen;1;
richtig;1;
cool;1;
.um;1;
umarmen;1;
gratulieren;1;
erfolgreichen;1;
aufstieg;1;
gondel;1;
360;1;
hinauf.ausklang;1;
gregor;1;
appel;1;
deutet;1;
zugspitz-gipfelkreuz;1;
gruppenfoto;1;
getränk;1;
panorama-blick;1;
hinunter;1;
heimischen;1;
erfolgreicher;1;
organisieren;1;
überlasse;1;
generation;1;
gletscherunglück;1;
norditalien;1;
schlug;1;
alarm;1;
lautes;1;
grollen;1;
hörte;1;
kontrollierten;1;
video;1;
breite;1;
überwachen;1;
istgebiet;1;
gesperrtdas;1;
kilometern;1;
konnten.einfluss;1;
verlieren.auch;1;
schmelzenin;1;
bedroht.zum;1;
kartiert;1;
nachzuschauen;1;
besonderen;1;
vorgedrungen.wie;1;
sechst;1;
fortwissenschaftler;1;
waldökologinnen;1;
eingegriffen;1;
naturwaldreservat;1;
frei;1;
entwickelt;1;
herausfinden;1;
exakte;1;
vergleichsdaten;1;
erwarte;1;
lebendiges;1;
ständig;1;
systematisch;1;
kalkalpen;1;
wissenschaftlich;1;
bearbeitet;1;
eindrucksvolles;1;
naturerlebnis;1;
fichtenwaldmit;1;
partie;1;
jörg;1;
leitet;1;
weihenstephan-triesdorf;1;
forschungen;1;
höhengrenzen;1;
hinzudrängende;1;
subalpine;1;
reinkommt;1;
feine;1;
sache;1;
auerhühner;1;
optimale;1;
habitat;1;
seltener;1;
schattigen;1;
typisch;1;
dauert;1;
lang;1;
fündig;1;
buchen;1;
1.390,00;1;
1.480,00;1;
lebensbedingungen;1;
höhenlage;1;
kann.ein;1;
meternthomas;1;
scout;1;
steuert;1;
gezielt;1;
untersuchungspunkt;1;
angelegt;1;
gesamte;1;
reservat;1;
hundert-mal-hundert-meter-raster;1;
interessiert;1;
vorbei;1;
umgestürzten;1;
bäumen;1;
totholz;1;
entsteht;1;
1.560,00;1;
miteinander;1;
vergleichen;1;
beruhen;1;
höhegenau;1;
radius;1;
lateinischen;1;
namen;1;
protokollführer;1;
zurufen;1;
dokumentieren;1;
wissenschaftlicher;1;
detailarbeit;1;
etagenmoos;1;
registrieren;1;
naturschutz;1;
thomas;1;
heuer;1;
dabei.auch;1;
regelrechte;1;
urwaldriesen;1;
umkreis;1;
umfang;1;
3;40;1
schätzen;1;
zirbenwäldern;1;
kraxeln;1;
extremsten;1;
linie;1;
messpunkte;1;
1986.;1;
schwierigen;1;
umweltbedingungen;1;
artenreiche;1;
ökosystem;1;
ist.in;1;
obersten;1;
stufe;1;
reicht;1;
waldsaum;1;
wettersteinwände;1;
zirbenwälder;1;
hinauf;1;
verdrängt;1;
detailgenau;1;
auf.hier;1;
vorgefunden;1;
entwarnung;1;
wärmeren;1;
wandern;1;
absehbar;1;
konkurrenz;1;
almwirtschaft;1;
heraufdrängenden;1;
tanne;1;
bergahorn;1;
vogelbeere;1;
prekärste;1;
großglockner;1;
genauer;1;
2.802,00;1;
bergsteigerinnen;1;
luisen-;1;
stüdlgrat;1;
großglockners;1;
wagen;1;
sichtbare;1;
gefrorene;1;
felsklüften;1;
gesteinsporen;1;
auftaut;1;
stabilität;1;
felsens.zum;1;
istist;1;
oberland;1;
auftrag;1;
hangbewegung;1;
geophysische;1;
geoelektrische;1;
durchgeführt.so;1;
thermischen;1;
feststellen;1;
gefroren;1;
hauptprobleme;1;
dachwasser;1;
transportiert;1;
tiefe;1;
verursachen;1;
wärmeder;1;
bedrängnis;1;
frühzeitiges;1;
schnees;1;
hochalpine;1;
ihrerseits;1;
umgebung;1;
abgeben;1;
wichtige;1;
maßnahme;1;
drainage;1;
materialseilbahn;1;
ableiten;1;
ansonsten;1;
abwärtsbewegung;1;
beschleunigen;1;
fußboden;1;
strahlt;1;
raumtemperatur;1;
hinein.hochwildehaus;1;
gefährdetum;1;
gesteins;1;
nähe;1;
verringern;1;
bauten;1;
isoliert;1;
methoden;1;
angehoben;1;
belüftet;1;
generell;1;
bauliche;1;
angewandt;1;
berghänge;1;
felsankern;1;
aufwändig;1;
teuer;1;
sektionen;1;
zukommen;1;
2.500,00;1;
tendenziell;1;
akut;1;
2016;1;
hanspeter;1;
bereichsleiter;1;
raumordung;1;
bundesverband;1;
vierseitig;1;
verspannt;1;
beraten;1;
betroffenen;1;
karlsruhe;1;
berghütte;1;
vermisste;1;
opferzahl;1;
gingen;1;
fortgesetzt.zum;1;
dna-analyse;1;
identifiziertdank;1;
dna-abgleichen;1;
gemeldet;1;
vicenza;1;
eisstadion;1;
aufgebahrt;1;
übergeben;1;
ermittelnde;1;
staatsanwalt;1;
erlaubt;1;
lago;1;
abschluss;1;
dna-untersuchung;1;
geschehe.acht;1;
behandelt;1;
krankenhaus.suche;1;
weitermaurizio;1;
fugatti;1;
regionalpräsident;1;
trentino-südtirol;1;
suchteams;1;
weitergehe;1;
teams;1;
unterschiedlichen;1;
zonen;1;
lawinenkegels;1;
beschränkt;1;
hunde;1;
suchten;1;
leichenteile;1;
persönliches;1;
unfallopfer;1;
fugatti.im;1;
laufe;1;
angehörigen;1;
dna-abgleiche;1;
spezialeinheit;1;
carabinieri;1;
involviert;1;
carabinieri-hauptmann;1;
giampietro;1;
lago.verletzter;1;
entlassenam;1;
67-jährige;1;
verwandten;1;
vormittag;1;
abgeholt;1;
gefahren;1;
ulss;1;
dolomiti;1;
feltre;1;
bekannt.die;1;
gletscherabgang;1;
verbessere;1;
luca;1;
zaia;1;
venetien;1;
facebook;1;
mit.trauertag;1;
fassatalder;1;
bürgermeister;1;
trauertag;1;
angeordnet;1;
gemeinden;1;
fassatals;1;
beteiligen;1;
pfarrkirche;1;
trauermesse;1;
stattfinden;1;
erzbischof;1;
lauro;1;
tisi;1;
zelebriert;1;
wird.am;1;
vorigen;1;
zusammenhängen;1;
unglück.zum;1;
mildes;1;
rekordschmelze;1;
glaziologe.schnee;1;
fehltder;1;
gründen;1;
schlecht;1;
blank;1;
daliegen;1;
bildet;1;
abschmilzt;1;
glaziologe.nur;1;
2007;1;
beobachtet;1;
tür;1;
traurig;1;
braucht;1;
bedenklich;1;
neuer;1;
kommission;1;
glaziologie;1;
versuche;1;
liftbetreiber;1;
summe;1;
hilfreich;1;
theoretische;1;
ergeben;1;
lohnen;1;
künstlich;1;
beschneien;1;
lawinen-unglück;1;
dienstag;1;
dreizehn;1;
gesunken;1;
ausfindig;1;
befürchtung;1;
trentino;1;
sank;1;
kliniken;1;
patient;1;
wurde.suche;1;
fortgesetztzuvor;1;
ausländer;1;
galten;1;
kontaktiert;1;
personalien;1;
mannes;1;
treviso;1;
opfern;1;
dienstagmorgen;1;
sehe;1;
chancen;1;
lawinenmasse;1;
lebend;1;
trentiner;1;
bergwacht;1;
ein.weil;1;
gesperrt.nach;1;
lawinenunglück;1;
gefundenbei;1;
helfer;1;
ansa;1;
menschliche;1;
zuzuordnen;1;
chef;1;
journalisten;1;
schmerzvolle;1;
fügte;1;
gerast;1;
rettungsarbeiten;1;
lawinenzunge;1;
gletscherabbrüche;1;
tagsüber;1;
ortrund;1;
sicherheitsgründen;1;
stillgelegt;1;
unglücksort;1;
machte;1;
lawinenkatastrophe;1;
sichtlich;1;
emotionaler;1;
traf;1;
angehörige;1;
unterstrich;1;
draghi.lawine;1;
dauerndie;1;
bergretter;1;
befürchten;1;
lokalisiert;1;
sonntagmittag;1;
etliche;1;
technischem;1;
umständen;1;
bergrettungschef;1;
dellantonio.mit;1;
rückt;1;
fokus;1;
zurückzuführen;1;
bröckeln;1;
niederschlags;1;
fehlte;1;
hätte;1;
können.gefahr;1;
steigtauch;1;
solch;1;
gletschersturz;1;
marmolata-massiv;1;
undenkbar;1;
koordinator;1;
interview;1;
rundfunk;1;
hierzulande;1;
erstens;1;
exponiert.die;1;
bröckelt;1;
felsteile;1;
abbrechen;1;
nehme;1;
schneearmen;1;
winters;1;
bergstürze;1;
wahrscheinlicher;1;
fehle;1;
schneeauflage.zum;1;
vorsichtetwa;1;
brüchigen;1;
wettersteinkalk;1;
helm;1;
aufsetzen;1;
zurückziehe;1;
abbricht;1;
randkluft;1;
rüberzuwechseln;1;
hauptanstieg;1;
höllental;1;
felswand;1;
zurückziehen;1;
extrembergsteiger;1;
reinhold;1;
hauptgrund;1;
fressen;1;
77-jährige;1;
just;1;
abbruchkanten;1;
eistürme;1;
genannt;1;
wolkenkratzer;1;
häuserzeilen;1;
messner.der;1;
alpinist;1;
achttausender;1;
bestiegen;1;
kennt;1;
sicherheitsgarantie;1;
dolomiten-katastrophe.vorfälle;1;
eisabbrüche;1;
ballungszentren;1;
städten;1;
autobahnen;1;
fabriken;1;
merken;1;
bloßem;1;
gletscherbruchs;1;
tod;1;
gerissen;1;
leiche;1;
italiener;1;
tschechen.acht;1;
auswärtige;1;
amt;1;
berlin;1;
derzeitigem;1;
staatsangehörige;1;
behördenangaben;1;
67-jährigen;1;
58-jährige;1;
intensivmedizinisch;1;
behandelt.die;1;
gipfels;1;
riesiger;1;
eisblock;1;
dortigen;1;
gelöst;1;
rollen;1;
gebracht.13;1;
vermisst13;1;
montagabend;1;
befürchtet;1;
ginge;1;
mechanischem;1;
hoch;1;
marmolata-massivs;1;
seien.draghi;1;
handlungsbedarf;1;
nachmittag;1;
berges;1;
sicherlich;1;
umweltschäden;1;
lage;1;
parteilose;1;
nachdenken;1;
draghi.zum;1;
gestern;1;
abschied;1;
abgebrochender;1;
walter;1;
milan;1;
sender;1;
rai;1;
extreme;1;
sogenannter;1;
sérac;1;
bergsteiger-gruppen;1;
üblichen;1;
gewesen.die;1;
vorsichtig;1;
abgehen;1;
unglücksstelle;1;
festsaßen;1;
hubschraubern;1;
gebracht.zum;1;
vergangene;1;
zugesetzt;1;
schützt;1;
eisriesen;1;
gletscherspalten;1;
offen;1;
entstehen;1;
lücken;1;
randspalten;1;
abgeraten;1;
berichten;1;
westalpen;1;
bedingungen;1;
august.graue;1;
eisflecken;1;
zugspitzgletscher;1;
ungewöhnlich;1;
früh;1;
tauchen;1;
bergschule;1;
ohlstadt;1;
garmisch-partenkirchen;1;
hochkomme;1;
sei.doch;1;
grauen;1;
aufgetaucht;1;
weggetaut;1;
randspalte;1;
hauptursachen;1;
geschätzt;1;
verheerend;1;
tiefliegende;1;
trifft;1;
niederlande;1;
weltklimarats;1;
warnt;1;
zeitigen;1;
könnte.gletscher-studie;1;
angenommeneine;1;
erschienen;1;
geoscience;1;
bewohnern;1;
bedrohten;1;
gegebenenfalls;1;
institute;1;
environmental;1;
geosciences;1;
ige;1;
dartmouth;1;
college;1;
befindlichem;1;
gletschermassen;1;
enthalten;1;
angenommen;1;
beziehen;1;
könnte.lesen;1;
geht.damit;1;
potenzielle;1;
beitrag;1;
schätzung;1;
miteinbezogen;1;
gletscher-atlas;1;
artauf;1;
basis;1;
erstellte;1;
atlas;1;
neuerung;1;
misst;1;
ermittlung;1;
umfangreichen;1;
datenbank;1;
analysierten;1;
hunderttausende;1;
hochauflösenden;1;
fotos;1;
weltraumorganisation;1;
esa;1;
aufgenommen;1;
nein;1;
kompass;1;
weiterhin;1;
funktionieren;1;
norden;1;
weisen;1;
schließlich;1;
magnetischen;1;
drehpunkt;1;
samt;1;
geophysical;1;
research;1;
letters;1;
erschienenen;1;
beschrieben.mehr;1;
erfahren;1;
natürlicher;1;
prozessdass;1;
festgenietet;1;
verharren;1;
kippelt;1;
geodäten;1;
verschiebungen;1;
festgelegter;1;
virtuelle;1;
linien;1;
festen;1;
hydrosphäre;1;
umfasst;1;
bekannte;1;
winde;1;
meeresströmungen;1;
schwankungen;1;
atmosphärendruck;1;
meeresboden;1;
geographischer;1;
massenveränderungenseit;1;
einflüsse;1;
terrestrischen;1;
wasserhaushalts;1;
nämlich;1;
satellitenmission;1;
derzeitig;1;
laufende;1;
nachfolgemission;1;
genauestens;1;
massenänderungen;1;
geeignetes;1;
werkzeug;1;
...;1;
verschieben;1;
....;1;
driften;1;
schaut;1;
davor;1;
bevor;1;
derartige;1;
vollzog;1;
geographische;1;
sozusagen;1;
richtungswechsel;1;
änderte;1;
richtung;1;
südwärts;1;
wanderte;1;
ostwärts;1;
poldrifts;1;
17-faches;1;
beschreiben;1;
shanshan;1;
deng;1;
chinesischen;1;
kollegen;1;
vorgehensweise;1;
modellierten;1;
unterschiedliche;1;
nahmen;1;
derjenigen;1;
ähnelt;1;
retroaktives;1;
business;1;
usual;1;
zweiten;1;
verwendeten;1;
extrapolierten;1;
tatsächliche;1;
beobachtungsdaten;1;
gletscherschmelzen;1;
weltweit.br;1;
brschmelzende;1;
verschobene;1;
erdpole;1;
erklärendas;1;
zweite;1;
daraus;1;
schließen;1;
hauptsächlich;1;
rate;1;
3;26;1
millimetern;1;
26°;1;
östlich;1;
sinkende;1;
verantwortlichganz;1;
polardrift;1;
veränderten;1;
grundwasser;1;
landwirtschaftszwecke;1;
nachhaltig;1;
entnommen;1;
dank;1;
besteht;1;
möglichkeit;1;
rekonstruieren;1;
vermutung;1;
hergeholte;1;
menschenverursachte;1;
effekte;1;
bewirkten;1;
häufung;1;
extremwetterereignissen;1;
ungleich;1;
dramatischere;1;
schien;1;
tägliches;1;
hochplateau;1;
watzmann-gletscher;1;
blaueis-gletscher.verlierer;1;
übrigalle;1;
1980er-jahren;1;
achtzig;1;
biggest;1;
loser;1;
vorstellung;1;
gletscherberichts;1;
abzusehen;1;
2030;1;
womöglich;1;
jüngster;1;
zahlreichen;1;
hier.insgesamt;1;
theresienwiese;1;
1948;1;
systematische;1;
vermessung;1;
jahrzehntdie;1;
rasanter;1;
badw;1;
chrisoph;1;
erhöhe;1;
spezifische;1;
beobachtungszeitraums;1;
hauptursache;1;
hat.mehr;1;
hintergründe;1;
infos;1;
umweltschutzdie;1;
mangel;1;
schneefall;1;
auszehrt;1;
fällt;1;
feuchte;1;
genügend;1;
niederschlag;1;
ablagerungen;1;
sonnenenergie;1;
aufsaugt.alle;1;
dreißig;1;
sekunden;1;
liter;1;
würfel;1;
kantenlänge;1;
zentimetern.weltweit;1;
gebirgsgletscher;1;
studie.pufferwirkung;1;
alpinem;1;
verlorenzwar;1;
trinkwasserversorgung;1;
pufferwirkung;1;
jahreszeitlich;1;
rar;1;
kühlen;1;
füllen;1;
gebirgsbäche;1;
wichtigen;1;
verschwindetdiese;1;
funktion;1;
erfüllen;1;
gletscherforscher;1;
peakwater;1;
kurzem;1;
überschritten;1;
moment;1;
irgendwann;1;
schlicht;1;
sei.planetb;1;
youtube-channel;1;
klimawandeldazu;1;
naturgefahren;1;
gerölllawinen;1;
murenabgänge;1;
zusammenhält;1;
zurück.die;1;
k-fragedas;1;
alpinen;1;
vorkommenden;1;
tier-;1;
beheimatet;1;
müsste;1;
höchste;1;
priorität;1;
k-frage;1;
klimafrage;1;
bayerischer;1;
umweltministerhier;1;
gletscherbericht;1;
herunterladen;1;
weltregionen;1;
südamerika;1;
stetig;1;
vorstellbar;1;
eiswürfeln;1;
seitenlänge;1;
übertragen;1;
dreimal;1;
planetb;1;
klima-youtube-channel;1;
gletscheranalysefür;1;
bilder;1;
aster-satelliten;1;
verwendet;1;
satellit;1;
kameras;1;
bord;1;
menschliches;1;
dreidimensionales;1;
darstellen;1;
höhenunterschiede;1;
errechnen;1;
mitautor;1;
unglaublich;1;
rechenintensiv;1;
supercomputer;1;
halbes;1;
hinweg;1;
resultate;1;
erstellen;1;
auszuwerten;1;
funktioniert;1;
treibhauseffekt;1;
gletscherarten;1;
unterschieden;1;
einerseits;1;
grönlands;1;
klimakrise;1;
eisschilden;1;
aufschmelzen;1;
vergleichsweise;1;
klimaveränderung;1;
meeresspiegelanstiegs;1;
zurückgeführt;1;
gleichnicht;1;
anomalie;1;
ändert;1;
lokal;1;
orten;1;
konsistenten;1;
methodik;1;
beschleunigung;1;
vorjahr;1;
zürichdie;1;
brwassermangel;1;
gletscherschmelzedie;1;
süßwasserspeicher;1;
erstmal;1;
abgeschmolzen;1;
milliarde;1;
betreffen;1;
wiederum;1;
start;1;
begonnen;1;
pünktlich;1;
skipisten;1;
verspätet;1;
befahren;1;
unterschiede;1;
durchschnittstemperaturen;1;
schwanken;1;
jahrzehnte;1;
eindeutig;1;
schneemenge;1;
naturschnee;1;
skigebiete;1;
kunstschnee;1;
nachhelfen;1;
entscheidetum;1;
beantworten;1;
verbundenen;1;
berechnen;1;
vereinfacht;1;
hängt;1;
skiurlaubs;1;
folgenden;1;
verkehrsmittel;1;
anreisedauer;1;
urlaubsart;1;
ausstattung;1;
unterkunftgewählte;1;
verpflegungtemperatur;1;
pistenpräparierung;1;
großteil;1;
fossilen;1;
brennstoffen;1;
braunkohle;1;
steinkohle;1;
erdgas;1;
erzeugt;1;
kohlenstoffdioxid;1;
treibhausgas;1;
beiträgt;1;
energiemenge;1;
co2-rechners;1;
umweltbundesamtes;1;
aktivität;1;
umrechnen;1;
ermitteln;1;
gesetzt;1;
kopf;1;
bliebe;1;
co2-budget;1;
tonne;1;
wwf;1;
urlaubsszenarien;1;
skispaß;1;
fährt;1;
dresdner;1;
ronny;1;
700;1;
422;1;
296;1;
an-;1;
abreise;1;
anauch;1;
skiurlauber;1;
touristen;1;
reiseanalyse;1;
forschungsgemeinschaft;1;
urlaub;1;
417;1;
winter-alpenurlauben;1;
504;1;
alpenurlauber;1;
reisten;1;
pkw;1;
anteil;1;
mittelklasseauto;1;
stößt;1;
gramm;1;
mitfahren;1;
geringer;1;
bundesland;1;
anfahrt;1;
niedriger;1;
öfter;1;
kürzere;1;
winterurlaube;1;
ankünfte;1;
winterhalbjahr;1;
1.11.;1;
30.4.;1;
folgejahres;1;
übernachtungen;1;
dauerte;1;
2000/01;1;
3;12;1
2017/18;1;
2;47;1
wahl;1;
hotel;1;
umfangreicher;1;
infrastruktur;1;
wellness-bereich;1;
restaurants;1;
freizeitmöglichkeiten;1;
energieverbrauch;1;
heizkosten;1;
essen;1;
schlägt;1;
standard;1;
hotels;1;
nieder;1;
mahlzeiten;1;
weggeschmissen;1;
wer;1;
fleisch;1;
isst;1;
größeren;1;
co2-abdruck;1;
vegetarier;1;
skihütten;1;
trägt;1;
2020.;1;
licht-absorbierenden;1;
teilchen;1;
wehen;1;
ablegen;1;
schlucken;1;
reflektieren;1;
erwärmen;1;
brstaub;1;
hindukusch-;1;
karakorum-gebirge;1;
obwohl;1;
4.500,00;1;
gleichmäßig;1;
studien-autoren;1;
zusätzliche;1;
plausible;1;
erklärung;1;
6.000,00;1;
1.000,00;1;
gegensatz;1;
natürlichen;1;
erosion;1;
menschengemacht;1;
ist.himalaja-gletscher;1;
rasantdie;1;
vorgestellte;1;
fünf-jahres-studie;1;
integrierte;1;
gebirgsentwicklung;1;
icimod;1;
3.500,00;1;
afghanistan;1;
bangladesch;1;
bhutan;1;
indien;1;
myanmar;1;
pakistan;1;
gigantische;1;
ganges;1;
mekong.gletscherschmelze;1;
klimaabkommenselbst;1;
klimaabkommens;1;
empfindlichen;1;
falls;1;
gebirgsgegend;1;
sein.überschwemmungen;1;
luftverschmutzungdurch;1;
langfristig;1;
abfließen;1;
quelle;1;
trinkwasser;1;
1;9;1
gespeisten;1;
droht;1;
höhere;1;
luftverschmutzung;1;
schwarzer;1;
könnte.vor;1;
flussabwärts;1;
alarmierend;1;
saleemul;1;
huq;1;
direktor;1;
dhaka;1;
arbeiteten;1;
350;1;
185;1;
entsprechen;1;
oktoberfests;1;
400;1;
rapide;1;
überleben.br;1;
brgrößte;1;
überlebensschancen;1;
gletscherdie;1;
wettersteingebirge;1;
überlebenschancen;1;
wesentlich;1;
umstritten;1;
existent;1;
definition;1;
probe;1;
gestellt;1;
besagt;1;
fließenden;1;
eisstrom;1;
darstellt.;1;
rest-watzmanngletscher;1;
mulde;1;
andererseits;1;
schneereiche;1;
lawinenfracht;1;
handelt.;1;
wissenschaftenwann;1;
einschätzen;1;
hagg.nur;1;
2100rund;1;
anzahl;1;
voraus;1;
stärker;1;
neunzig;1;
br24-newsletter;1;
informiert;1;
montags;1;
freitags;1;
feierabend;1;
blick;1;
kompakt;1;
privaten;1;
postfach;1;
anmeldung;1;
erlangen-nürnberg;1;
dramatisch;1;
frankreich;1;
üblich;1;
25.;1;
fachmagazin;1;
communications;1;
veröffentlicht.br;1;
brfläche;1;
alpen-gletscher;1;
vermessenfür;1;
dreidimensionale;1;
geländemodelle;1;
radarsatelliten;1;
tandem-x;1;
deutsch-amerikanischen;1;
shuttle;1;
radar;1;
topograhpy-satellitenmissionen;1;
kombinierten;1;
gletscherausdehnungen;1;
optischen;1;
aufnahmen;1;
landsat-satelliten;1;
ermöglichte;1;
erlangen-nürnberg.besonders;1;
alpen-randgebirgedie;1;
gletscherflächen;1;
schmelzraten;1;
bilanziert;1;
unteren;1;
zentralalpen;1;
festzustellen;1;
randgebirge;1;
schwanden;1;
höheren;1;
randbereiche;1;
erlangen-nürnbergschmelzwasser-vorhersage;1;
möglichdie;1;
ermöglicht;1;
sommermonaten;1;
vorherzusagen;1;
wasserversorgung;1;
energiegewinnung;1;
vieler;1;
europäischer;1;
flusssysteme;1;
intergovernmental;1;
panel;1;
change;1;
monaco;1;
special;1;
report;1;
the;1;
ocean;1;
and;1;
cryosphere;1;
changing;1;
srocc;1;
vorgestellt;1;
eindrücklich;1;
entscheidungen;1;
getroffen;1;
zeichnet;1;
düstere;1;
unternommen;1;
unterstreicht;1;
verdeutlicht;1;
heutzutage;1;
vorgeschmack;1;
zukommt;1;
ben;1;
marzeion;1;
klimageographie;1;
institut;1;
geographie;1;
bremenim;1;
kampf;1;
gemeinsam;1;
handelnder;1;
verdeutliche;1;
notwendigkeit;1;
unvorhersehbaren;1;
langfristigen;1;
zeitnah;1;
ambitioniert;1;
koordiniert;1;
handeln;1;
vorteile;1;
engagierten;1;
effektiven;1;
einsatzes;1;
gegenzug;1;
verspäteten;1;
handelns;1;
kompakter;1;
eissphäre;1;
kollisionskurs;1;
mojib;1;
latif;1;
forschungsbereiches;1;
ozeanzirkulation;1;
klimadynamik;1;
geomar;1;
ozeanforschung;1;
kielmillionen;1;
betroffenim;1;
aktuellen;1;
bestandteile;1;
ausschlaggebende;1;
670;1;
hochgebirgsregionen;1;
680;1;
inselstaaten;1;
erwärmtein;1;
konkretes;1;
sonderberichts;1;
celsius;1;
erdrückende;1;
tiefgreifenden;1;
versauerung;1;
offene;1;
meer;1;
mögen;1;
erscheinen;1;
handel;1;
transport;1;
erholung;1;
tourismus;1;
gesundheit;1;
wohlbefinden;1;
kultur;1;
identität;1;
ipcc-vorsitzenderder;1;
anknüpfung;1;
geringstmögliche;1;
level;1;
begrenzen;1;
rahmen;1;
geschützt;1;
ehesten;1;
umgehen;1;
ipcc-vorsitzendererderwärmung;1;
steigendie;1;
aufzählt;1;
meereis;1;
permafrostböden;1;
auftauen;1;
erdrutschen;1;
steinschlägen;1;
eismasse;1;
verfügung;1;
20.;1;
3;6;1
dringlichkeit;1;
rascher;1;
nachhaltigen;1;
verringerung;1;
gian-kasper;1;
forschungsanstalt;1;
sofortiger;1;
radikalen;1;
weitergehen;1;
systeme;1;
träge;1;
fortschreitende;1;
zukünftigen;1;
folglich;1;
klimasystem;1;
jahrhunderte;1;
entworfen;1;
computermodell;1;
klimakonferenz;1;
vereinbart;1;
planeten;1;
fortschreitet;1;
ernüchternd;1;
1;5-grad-grenze;1
sollten;1;
verblieben;1;
studienautor;1;
besserung;1;
2017.;1;
egal;1;
kurzfristig;1;
ausstoß;1;
klimagase;1;
bestätigen;1;
gletscherforschung;1;
klarsten;1;
indikatoren;1;
daniel;1;
farinotti;1;
eth-zürichweltweit;1;
gletscherschmelzende;1;
weltweites;1;
satellitenmessungen;1;
veröffentlicht;1;
1961.;1;
9.000,00;1;
anstiegs;1;
problematisch;1;
19.000,00;1;
meerespiegelanstieg;1;
patagonischen;1;
eisfeldern;1;
arktischen;1;
gletscherregionen;1;
neuseeland;1;
bei.gletscherschmelze;1;
zunach;1;
335;1;
verlust;1;
zemp;1;
weltklimakonferenz;1;
gemeinschaft;1;
paris;1;
verständigt;1;
möglichst;1;
begrenzen.weltgemeinschaft;1;
entferntbei;1;
gegenwärtigen;1;
klimapolitik;1;
eindringliche;1;
warnungen;1;
forderungen;1;
treibhausneutralität;1;
wälder;1;
technische;1;
entzogen;1;
werden.die;1;
weltorganisation;1;
meteorologie;1;
wmo;1;
dringend;1;
zurückgefahren;1;
methan;1;
lachgas;1;
höchststand;1;
un-umweltprogramm;1;
anstrengungen;1;
verfünffachen;1;
besteuern;1;
deutschlands;1;
klimaschutzvor;1;
weltklimagipfels;1;
bundesregierung;1;
bundestag;1;
kohleausstieg;1;
zeitplan;1;
vorgelegt;1;
fossile;1;
brennstoffe;1;
kohle;1;
klimaschädlich;1;
nationale;1;
klimaziel;1;
treibhausgas-ausstoß;1;
verpassen.entwicklungsminister;1;
gerd;1;
müller;1;
csu;1;
rückstände;1;
zweifel;1;
ehrgeizig;1;
aufholen;1;
überlebensfrage;1;
grünen-fraktionschef;1;
anton;1;
hofreiter;1;
nachzügler;1;
vorreiter;1;
nah;1;
abgrund;1;
schlafwandelt;1;
schrillen;1;
alarmglocken;1;
klimaschutznach;1;
trockenen;1;
waldbränden;1;
fürchten;1;
radikale;1;
klimaschutzwende;1;
zusteuert;1;
delegierten;1;
197;1;
verbindliche;1;
konkret;1;
umsetzbare;1;
aushandeln;1;
akzeptabel;1;
erfolg;1;
antonio;1;
guterres;1;
un-generalsekretärjeder;1;
staat;1;
liefern;1;
nachbessern;1;
spüren;1;
wetteranomalien;1;
zunehmen;1;
gemeinsame;1;
abschlussbilanz;1;
14.;1;
dezember;1;
polnischen;1;
satellitendaten;1;
schnellen;1;
rückzug;1;
chinas;1;
provinzen;1;
gansu;1;
asia;1;
jährliche;1;
laohugou;1;
qilian;1;
gebirges;1;
5;56;1
länge;1;
1976;1;
13;1;1
2006;1;
2018.gletscherrückgang;1;
sichin;1;
ähnlichem;1;
maße;1;
tianshan;1;
1962-1986;1;
10.600,00;1;
1986-2018;1;
1964;1;
22;2;1
spaltete;1;
1993;1;
teile.die;1;
halong-gletschers;1;
72.000,00;1;
abnimmt;1;
1.200,00;1;
zurückgezogen;1;
weckruf;1;
versorgen;1;
tausende;1;
hochwassergefahren;1;
häusern;1;
vertrieben;1;
stromabwärts;1;
wirken;1;
wasserverfügbarkeit;1;
landwirtschaft;1;
städte;1;
klimafachmann;1;
liu;1;
junyan;1;
asiagletscherschmelze;1;
massenevakuierungin;1;
dokumentierte;1;
katastrophen;1;
10.;1;
karakorum-bergen;1;
ausbruch;1;
gletschersees;1;
flutwasser;1;
yarkant-flussbecken;1;
anwohner;1;
führte;1;
17.;1;
gletscherzusammenbruch;1;
trümmern;1;
yarlung;1;
zangbo;1;
blockierte;1;
6.600,00;1;
führte.ein;1;
verschwundendie;1;
48.000,00;1;
dritte;1;
außerhalb;1;
polarregionen;1;
ernsthafte;1;
programme;1;
ausgebaut;1;
kabinettssitzung;1;
zugspitze.das;1;
endgültig;1;
stattdessen;1;
markus;1;
naturoffensive;1;
zählen;1;
artenschutz-;1;
naturerlebnis-programme;1;
nationalparks;1;
personal;1;
masterplan;1;
moore;1;
startlöchern;1;
hochwasserschutzes;1;
trinkwasser-versorgung;1;
genaue;1;
zahlen;1;
genannt.anreize;1;
zielesöder;1;
verkündete;1;
konservative;1;
ökologische;1;
umweltpolitik;1;
mittelpunkt;1;
gegeneinander;1;
ausspiele;1;
entschlossen;1;
erfüllung;1;
gutem;1;
pro-kopf-co2-ausstoß;1;
verringern.um;1;
kohlendioxid-emissionen;1;
kabinett;1;
anreize;1;
setzten;1;
energetische;1;
sanierung;1;
gebäuden;1;
förderung;1;
kommunaler;1;
klimaschutzprojekte;1;
erneuerbarer;1;
energien.opposition;1;
attackiert;1;
klimaschutzdass;1;
konkreten;1;
stört;1;
landtagsfraktionschef;1;
ludwig;1;
hartmann;1;
warf;1;
versagen;1;
mega-aufgabe;1;
verbessern;1;
nötig;1;
klimaschutz-masterplan;1;
klimaschutz-gesetz;1;
ambitionierten;1;
co2-reduktion.spd-umweltpolitiker;1;
florian;1;
brunn;1;
kritisierte;1;
unverzichtbar;1;
bezeichnete;1;
freie-wähler-fraktionschef;1;
hubert;1;
aiwanger;1;
forderte;1;
artenschutz;1;
punktuell;1;
begegnungsstätten;1;
schautafeln;1;
entsprechend;1;
0;2;1
wert;1;
dreifache;1;
0;6;1
dramatischsten;1;
westantarktis;1;
verlor;1;
90er;1;
160;1;
überprüftem;1;
verändert.wissenschaftler;1;
bremerhavener;1;
alfred-wegener-instituts;1;
forschungsorganisationen;1;
massenbilanz;1;
ergründeten;1;
genaueste;1;
195;1;
vorgenommen;1;
systematischer;1;
angestiegen;1;
messbeginn;1;
1850.;1;
0;9;1
globales;1;
alpenvereinsgletscher;1;
verschwindengletscher;1;
fieberthermometer;1;
mahnmale;1;
gletschermasse;1;
zurzeit;1;
flächen;1;
ordentliche;1;
prinzip;1;
wissenschaftenbesonders;1;
düster;1;
gletscherspezialist;1;
verschwinden.extremereignisse;1;
gebirgedurch;1;
treten;1;
starkregen;1;
unwetter;1;
extremereignisse;1;
zunehmend;1;
murenabgängen;1;
schlammlawinen;1;
führen;1;
stubaier;1;
murenabgang;1;
schäden;1;
hinterlassen.auch;1;
bergwanderer;1;
walten;1;
vielerorts;1;
brüchig;1;
gefährliche;1;
identifizieren;1;
abzugeben;1;
circa;1;
3000;1;
fundament;1;
angenehm;1;
gefrorenem;1;
seesediment;1;
sackungen;1;
statisch;1;
walberngrünern;1;
loipen;1;
ehrenamtlichen;1;
gösmes-walberngrün;1;
gespurt;1;
talmulde;1;
grafengehaig;1;
kulmbach;1;
helmbrechts;1;
hof;1;
schneesicher;1;
schriftlichen;1;
zeugnisse;1;
gelebt;1;
schrift;1;
vergessene;1;
rekonstruieren.;1;
beruht;1;
lautverschiebung;1;
kann.;1;
kölnspurensuche;1;
sprachvergangenheitein;1;
wörtern;1;
häufig;1;
englischen;1;
make;1;
suchen;1;
seek;1;
lautverschiebungen;1;
vergangenheit;1;
verfolgt;1;
rekonstruieren.indogermanische;1;
rekonstruiertwenn;1;
zurückführen;1;
urform;1;
indogermanischen;1;
indogermanisch;1;
vorläufersprache;1;
keltisch;1;
latein;1;
deutsch.ötzis;1;
rätisches;1;
kauderwelschbei;1;
chasper;1;
pult;1;
rätoromanisches;1;
kauderwelsch;1;
herausgekommen;1;
abgeleitet;1;
rätischen;1;
flurnamen;1;
sagen.;1;
8.000,00;1;
christus;1;
komplex;1;
strukturiert;1;
sind.;1;
kölndas;1;
zeitgenossen;1;
sprachlich;1;
vorstellungswelt;1;
glauben;1;
verhandelt;1;
oberlandesgericht;1;
aufmerksamkeit;1;
peruanischen;1;
bauern;1;
huaraz;1;
450;1;
nördlich;1;
lima;1;
überschwemmungen;1;
mutmaßlich;1;
kraftwerksbetreiber;1;
instanz;1;
schloss;1;
olg;1;
zivilrechtlichen;1;
anspruch;1;
vorneherein;1;
bauer;1;
saúl;1;
luciano;1;
fordert;1;
0;47;1
schutzmaßnahmen;1;
übernehmen;1;
südamerikanischen;1;
fluten;1;
abtauenden;1;
kausalen;1;
kraftwerksbetreibers;1;
geltend;1;
richtet;1;
kraftwerken;1;
erdatmosphäre;1;
vorfeld;1;
vertreter;1;
äußerten;1;
kritik;1;
recht;1;
industrie;1;
landen;1;
argumentierten;1;
prozessvertreter;1;
käme;1;
letztlich;1;
bewiesen;1;
peru;1;
haben.das;1;
indes;1;
argumentation;1;
produzieren;1;
fragte;1;
vorsitzende;1;
richter;1;
rolf;1;
meyer.am;1;
entscheidend;1;
nachweis;1;
30.;1;
verkünden;1;
beweisaufnahme;1;
einsteigt;1;
kantonspolizei;1;
beschädigt;1;
abriss;1;
eiszacke;1;
sicherheit;1;
worden.geologen;1;
triftgletschers;1;
stärkere;1;
möglichen;1;
unmittelbar;1;
geologen;1;
erhebliche;1;
gletscherbewegungen;1;
registriert;1;
prognostizierten;1;
auslösen;1;
simon;1;
bumann;1;
wanderwege;1;
stellten;1;
betrieb;1;
ein.2014;1;
abgeriegeltder;1;
2014;1;
abgeriegelt;1;
sanken;1;
stabilisierte;1;
zugang;1;
kilometer.ende;1;
gewaltiger;1;
graubünden;1;
geröll-;1;
schlammlawine;1;
ausgelöst;1;
bondo;1;
erreichte;1;
gaben;1;
einwohner;1;
rechtzeitig;1;
flüchten;1;
dorfrand;1;
häuser;1;
bachbett;1;
türmte;1;
hohe;1;
geröllschicht;1;
plügten;1;
felsblöcke;1;
unvorstellbarer;1;
gewalt;1;
geschaffen;1;
weiden;1;
tales;1;
stapeln;1;
zugspitzgipfels;1;
hoch.erneute;1;
beunruhigende;1;
flanken;1;
unaufhaltsam;1;
ehemaliger;1;
versorgungsstollen;1;
gelangten;1;
vereist;1;
kamm.eis;1;
wasserder;1;
mörtel;1;
felspartien;1;
steile;1;
gelände;1;
halt;1;
faktor;1;
zuge;1;
regen-;1;
eisfreien;1;
klüfte;1;
aufbauen;1;
setzt;1;
schlimmsten;1;
wasserdruck;1;
wände;1;
absprengen.zugspitze;1;
waagegenau;1;
speziellen;1;
messmethode;1;
nutzen;1;
gravimeter;1;
beliebigen;1;
rückschlüsse;1;
schwere;1;
ziehen;1;
sommern;1;
gewicht;1;
schwankt;1;
frühsommer;1;
leichter;1;
starkniederschlägen;1;
werden.wasser;1;
höhleaber;1;
sammelt;1;
hohlraum;1;
flanke;1;
voll;1;
laufen;1;
momentanen;1;
belaufen;1;
2.000,00;1;
gehörig;1;
setzen;1;
ausweiten;1;
überwachungs-;1;
frühwarnsystem;1;
vorhersagen;1;
kann.paläo-eibseeob;1;
verheerende;1;
ausmaße;1;
annehmen;1;
3.700,00;1;
beschäftigt;1;
verwüsten;1;
bergsturzgebiet;1;
durchleuchteten;1;
strompulsen;1;
entdeckten;1;
schuttmassen;1;
seesedimenten;1;
gefallen;1;
sees;1;
ungeheuer;1;
mobil;1;
hangrutschungen;1;
verursacht.gefahrengebietheute;1;
bergsturzes;1;
falle;1;
drohenden;1;
abbruchs;1;
felsflanke;1;
evakuiert;1;
sorgen;1;
schneise;1;
verwüstung;1;
schlagen;1;
2080;1;
gipfelbereich;1;
ulrike;1;
umweltministerinder;1;
reagiere;1;
sensibel;1;
veröffentlichung;1;
permafrost-studie;1;
halte;1;
innern;1;
steinschlag;1;
rechnen.aufwändige;1;
forschung;1;
zugspitze2007;1;
getrieben;1;
abständen;1;
messstellen.neun;1;
jahrenhochrechnungen;1;
einbeziehung;1;
wetterdaten;1;
gesamtlänge;1;
südseite;1;
eichhorn.gefahr;1;
seilbahnenschmelzender;1;
alpenländern;1;
bauwerke;1;
seilbahnen;1;
bedrohen;1;
stützen;1;
stehen;1;
bau;1;
zugspitzseilbahn;1;
ergebnissen;1;
sicherheitszuschläge;1;
intensivierte;1;
baugrundüberwachung;1;
rechnung;1;
getragen;1;
zugspitzbahn;1;
einbezogen;1;
existieren;1;
bestuntersuchten;1;
richtungweisend;1;
permafrostregionen;1;