"Word,""Frequency"""
('erdbeben', 'türkei'),67
('erdbeben', 'schweren'),31
('artikel', 'erdbeben'),25
('erdbeben', 'stärke'),22
('erdbeben', 'verheerenden'),20
('erdbeben', 'türkisch-syrischen'),16
('betroffenen', 'erdbeben'),13
('us-erdbebenwarte', 'usgs'),13
('erdbeben', 'menschen'),11
('beim', 'erdbeben'),10
('erdbeben', 'tsunami'),9
('erdbeben', 'schweres'),9
('erdbeben', 'starkes'),8
('erdbeben', 'erschüttert'),8
('erdbeben', 'schwere'),8
('artikel', 'erdbeben-katastrophe'),8
('erdbeben', 'syrien'),6
('erdbebenopfer', 'türkei'),6
('erdbeben', 'welt'),6
('erdbeben', 'starken'),6
('erdbebenopfer', 'hilfe'),6
('erdbeben', 'februar'),6
('erdbebengebiet', 'menschen'),6
('erdbebengebieten', 'menschen'),6
('erdbebengebiet', 'türkei'),6
('erdbeben', 'vulkanausbrüchen'),5
('erdbeben', 'verheerende'),5
('erdbebens', 'türkei'),5
('2004', 'erdbeben'),5
('erdbeben', 'vulkanausbrüche'),5
('erdbeben', 'liste'),5
('erdbebengebiet', 'syrische'),5
('erdbebengebiet', 'türkischen'),5
('erdbeben', 'funktioniert'),5
('erdbeben', 'tage'),5
('betroffene', 'erdbeben'),5
('erdbebens', 'zentrum'),5
('erdbeben-tote', 'versorgung'),5
('erdbeben', 'hochwasser'),4
('anfang', 'erdbeben'),4
('erdbebengebiet', 'steigt'),4
('erdbeben-tote', 'türkei'),4
('erdbebens', 'opfer'),4
('erdbeben', 'erreichten'),4
('erdbeben', 'vulkanausbruchnach'),4
('laut', 'us-erdbebenwarte'),4
('angaben', 'us-erdbebenwarte'),4
('erdbeben', 'folgen'),4
('erdbeben', 'ereignis'),4
('erdbebens', 'stärke'),4
('erdbeben', 'obdachlos'),4
('erdbebenopfer', 'syrischen'),4
('erdbebenopfer', 'syrien'),4
('erdbeben', 'verloren'),4
('erdbeben', 'sorge'),4
('angst', 'erdbeben'),4
('erdbebens', 'türkisch-syrischen'),4
('erdbeben', 'stärksten'),4
('erdbeben', 'zehn'),3
('erdbebenopfer', 'vielen'),3
('erdbebenregion', 'türkisch-syrische'),3
('erdbebenregion', 'hilfsgüter'),3
('artikel', 'erdbebengebiet'),3
('16.000', 'erdbeben-tote'),3
('erdbeben', 'schwersten'),3
('einsatz', 'erdbebengebiet'),3
('erdbeben', 'gut'),3
('erdbeben', 'vorbereitet'),3
('erdbebenopfer', 'spenden'),3
('erdbeben', 'japans'),3
('erdbeben', 'schäden.nach'),3
('erdbeben', 'zugverkehr'),3
('erdbebengefährdeten', 'stärksten'),3
('erdbebengefährdeten', 'länder'),3
('erdbeben', 'oft'),3
('erdbeben', 'mehrere'),3
('anschließenden', 'erdbeben'),3
('erdbeben', 'hintergrund'),3
('erdbeben', 'kōbe'),3
('erdbeben', 'starke'),3
('erdbeben', 'magnitude'),3
('erdbeben', 'tote'),3
('erdbeben', 'land'),3
('ausmaß', 'erdbeben'),3
('deutschland', 'erdbeben'),3
('betroffen', 'erdbeben'),3
('erdbebengebiet', 'geschickt'),3
('erdbebengebiet', 'kahramanmaras'),3
('erdbeben', 'weiteres'),3
('erdbeben', 'indonesien'),3
('erdbebens', 'schweren'),3
('erdbeben', 'zerstört'),3
('erdbebenregion', 'sichern'),3
('erdbebenregion', 'weitere'),3
('erdbeben', 'wochen'),3
('erdbebenkatastrophe', 'türkisch-syrischen'),3
('erdbebengebiet', 'türkisch-syrischen'),3
('erdbeben', 'grenzgebiet'),3
('erdbebengebieten', 'türkei'),3
('bayern', 'erdbeben'),3
('erdbebenopfer', 'visa-erleichterungen'),3
('erdbeben-katastrophe', 'hilfe'),3
('erdbeben-katastrophe', 'großes'),3
('20.000', 'erdbeben-tote'),3
('erdbeben-tote', 'geschwister'),3
('erdbeben', 'heimgesucht'),3
('erdbeben', 'philippinen'),2
('erdbeben', 'haiti'),2
('erdbeben', 'lawinenabgänge'),2
('eklatante', 'erdbeben'),2
('erdbeben', 'falschbehauptungen'),2
('erdbeben', 'haarp-technologie'),2
('erdbeben', 'falschinformationen'),2
('auffallen', 'erdbeben'),2
('erdbeben', 'kamen'),2
('erdbeben', 'erzincan'),2
('bedarf', 'erdbebenopfer'),2
('erdbeben', 'jahrzehnte'),2
('erdbebenregionen', 'menschen'),2
('erdbebenregionen', 'türkei'),2
('erdbebengebiet', 'tagen'),2
('konten', 'organisationenerdbeben-gebiet'),2
('organisationenerdbeben-gebiet', 'schneefälle'),2
('erdbebenopfer', 'unterstützt'),2
('erdbebenopfer', 'südosten'),2
('erdbeben', 'lkw'),2
('erdbebenopfern', 'hilft'),2
('erdbebenopfern', 'türkeigedenken'),2
('erdbeben-opfer', 'türkeigedenken'),2
('bayernzudem', 'erdbeben-opfer'),2
('erdbeben', 'unwettern'),2
('erdbeben', 'vulkanausbruch'),2
('erdbeben', 'feuersbrünsten'),2
('erdbeben', 'novelle'),2
('chili', 'erdbeben'),2
('erdbeben.träume', 'gemacht'),2
('erdbeben.träume', 'großer'),2
('erdbeben.träume', 'sicher'),2
('erdbeben.träume', 'musikalisch'),2
('bevölkerung', 'erdbeben'),2
('erdbeben', 'zuletzt'),2
('erdbeben', 'häufig'),2
('erdbeben', 'erdrutsche'),2
('erdbeben', 'sekunden'),2
('erdbeben', 'ursachen'),2
('erdbeben', 'seebeben'),2
('erdbeben', 'wasserschäden'),2
('erdbeben', 'fälle'),2
('erdbeben', 'film'),2
('erdbeben', 'ums'),2
('erdbeben', 'könne'),2
('erdbeben', 'vorhersage'),2
('entwickeln', 'erdbeben'),2
('erdbeben', 'innerhalb'),2
('erdbeben', 'verursachen'),2
('erdbeben', 'indischen'),2
('anthropogene', 'erdbeben'),2
('erdbeben', 'weltweit'),2
('erdbebens', 'hypozentrum'),2
('epizentrum', 'erdbebens'),2
('berichtet', 'erdbeben'),2
('erdbebengebiete', 'liste'),2
('2011', 'tōhoku-erdbeben'),2
('erdbeben', 'sumatra'),2
('8,6', 'erdbeben'),2
('erdbeben', 'schweiz'),2
('daten', 'erdbeben'),2
('erdbeben', 'stürme'),2
('erdbeben', 'tiefe'),2
('erdbeben', 'niigata'),2
('erdbeben', 'tag'),2
('2011', 'erdbeben'),2
('erdbeben', 'gansu'),2
('erdbeben', 'extreme'),2
('erdbebens', 'infolge'),2
('auswirkungen', 'erdbebens'),2
('erdbeben', 'kommt'),2
('deutschland', 'erdbebengebiet'),2
('erdbeben-katastrophe', 'wochen'),2
('erdbeben-katastrophe', 'türkisch-syrischen'),2
('betroffenen', 'erdbebengebiete'),2
('erdbeben', 'serie'),2
('erdbeben-katastrophe', 'nationen'),2
('erdbeben-katastrophe', 'todesopfern'),2
('erdbeben', 'provinzen'),2
('erdbebengebiet', 'helfer'),2
('betroffene', 'erdbebens'),2
('erdbebenopfer', 'zahl'),2
('erdbebengebiet', 'sonntag'),2
('bilder', 'erdbebengebiet'),2
('bekannt', 'erdbeben'),2
('al-saleh', 'erdbeben'),2
('erdbeben', 'südosttürkei'),2
('erdbebenopfer', 'zusammenarbeit'),2
('afghanistan', 'erdbeben'),2
('erdbeben', 'indonesischen'),2
('erdbeben', 'region'),2
('erdbeben', 'katastrophalen'),2
('deutlich', 'erdbebenhilfe'),2
('erdbeben', 'stunden'),2
('erdbebenopfer', 'soforthilfe'),2
('erdbeben', 'große'),2
('erdbebenopfer', 'visa'),2
('erdbebenwarte', 'kandilli'),2
('erdbeben', 'verheerendes'),2
('erdbeben', 'hilfe'),2
('erdbebenopfer', 'euro'),2
('erdbebenregion', 'türkischen'),2
('erdbeben', 'warnte'),2
('dienstag', 'erdbebengebiet'),2
('betroffenen', 'erdbebenkatastrophe'),2
('erdbebengebiet', 'mitten'),2
('erdbeben', 'weiteren'),2
('erdbeben', 'stark'),2
('erdbebengefährdet', 'stark'),2
('erdbeben', 'getötet'),2
('erdbebenregion', 'opferzahl'),2
('erdbebengebiet', 'rettungsarbeiten'),2
('erdbebenregion', 'türkei'),2
('erdbebenregion', 'menschen'),2
('erdbeben', 'politische'),2
('erdbeben', 'tiere'),2
('erdbeben', 'vorhersagen'),2
('bauen', 'erdbebensicher'),2
('erdbebenregion', 'steht'),2
('erdbebenopfern', 'helfen'),2
('erdbebens', 'folgen'),2
('erdbebengebiet', 'lebt'),2
('erdbebenopfern', 'türkei'),2
('erdbeben-toten', 'zahl'),2
('30.000', 'erdbeben-toten'),2
('erdbeben', 'erleichtern'),2
('erdbebengebiet', 'gelten'),2
('erdbebengebiet', 'syrischen'),2
('22.000', 'erdbeben-tote'),2
('erdbeben-tote', 'tausende'),2
('erdbeben', 'idlib'),2
('erdbeben', 'montag'),2
('erdbeben', 'häuser'),2
('erdbebenopfern', 'hilfe'),2
('erdbebenopfern', 'syrien'),2
('erdbebenopfer', 'leid'),2
('erdbeben', 'schon'),2
('erdbeben', 'rettungskräfte'),2
('erdbebengebiet', 'vorbereitet'),2
('erdbebengebietinzwischen', 'reisen'),2
('erdbebengebietinzwischen', 'helfer'),2
('bayern', 'erdbebengebiete'),2
('erdbebengebiete', 'flughafen'),2
('erdbeben-gebieten', 'verschütteten'),2
('erdbebengebiet', 'hatay'),2
('erdbebens', 'opfern'),2
('bayern', 'erdbeben-katastrophe'),2
('erdbebenregion', 'möchten'),2
('erdbebenregion', 'hoffnung'),2
('bleiben', 'erdbeben'),2
('erdbeben', 'nacht'),2
('erdbeben', 'großes'),2
('erdbeben', 'spenden'),2
('angesichts', 'erdbebens'),2
('erdbeben', 'nachrichten'),2
('erdbeben', 'schwerem'),2
('us-erdbebenwarte', 'worden'),2
('erdbeben-übung', 'erst'),2
('beendet', 'erdbeben-übung'),2
('erdbebenam', 'verheerenden'),2
('erdbebenam', 'jahrestag'),2
('19.', 'erdbeben'),2
('erdbeben-übung', 'regelmäßig'),2
('19.', 'erdbeben-übung'),2
('erdbeben', 'worden'),2
('donnerstag', 'erdbeben'),2
('erspart.erdbeben', 'glück'),2
('erspart.erdbeben', 'mitternachtviele'),2
('erdbeben', 'shinkansen'),2
('erdbeben', 'jederzeit'),2
('erdbeben', 'tokio'),2
('bedrohten', 'erdbeben'),2
('erdbeben', 'späten'),2
('angaben', 'erdbebens'),2
('erdbeben', 'gefährdeten'),2
('erdbeben', 'süden'),2
('7,2', 'us-erdbebenwarte'),2
('erdbebens', 'nähe'),2
('erdbebens', 'weiterhin'),2
('erdbeben', 'nahezu'),2
('erdbeben', 'situation'),2
('erdbeben', 'weitere'),2
('angaben', 'us-erdbebenbehörde'),2
('us-erdbebenbehörde', 'usgs'),2
('erdbeben', 'hurrikane'),1
('ehrenamtliche', 'erdbeben'),1
('erdbeben', 'nepal'),1
('erdbeben', 'hauptinsel'),1
('teilte', 'us-erdbebenwarte'),1
('10.000', 'erdbeben'),1
('davon', 'erdbeben'),1
('erdbeben', 'sánchezvulkanausbruch'),1
('angekündigtder', 'erdbeben'),1
('erdbeben', 'zahlreichen'),1
('erdbeben', 'sogenannten'),1
('erdbebenschwarm', 'sogenannten'),1
('erdbebenschwarm', 'region'),1
('erdbeben', 'tausende'),1
('erdbeben', 'erde'),1
('erdbeben', 'vulkanische'),1
('einsickern', 'erdbeben'),1
('explosionen', 'us-erdbebenwarte'),1
('dutzende', 'us-erdbebenwarte'),1
('oberfläche', 'treten.erdbeben'),1
('erschüttern', 'treten.erdbeben'),1
('erdbeben', 'hoch'),1
('bettina', 'erdbeben'),1
('erdbeben', 'vulkanischen'),1
('erdbeben', 'führt'),1
('erdbeben', 'letzte'),1
('erdbeben', 'jahrzehnten'),1
('erdbeben', 'gelten'),1
('erdbeben', 'wetteranomalien'),1
('erdbeben', 'geologische'),1
('erdbeben', 'sturmwarnung'),1
('erdbeben', 'unsichere'),1
('erdbebenfrühwarnung', 'siehe'),1
('erdbebenfrühwarnung', 'hochwasser'),1
('erdbeben', 'siehe'),1
('erdbeben', 'messbare'),1
('erdbeben', 'sprengungen'),1
('erdbeben', 'herd'),1
('erdbeben', 'unterseeische'),1
('erdbeben', 'genannt'),1
('entstehung', 'erdbeben'),1
('bestehen', 'erdbeben'),1
('erdbeben', 'treten'),1
('erdbeben', 'längeren'),1
('erdbebenschwarm', 'spricht'),1
('erdbebenschwarm', 'schwarmbeben'),1
('erdbebenschwärme', 'gelegentlich'),1
('erdbebenschwärme', 'vogtland'),1
('aufgezeichneter', 'erdbeben'),1
('erdbeben', 'schwach'),1
('bauten', 'erdbeben'),1
('erdbeben', 'wissenschaft'),1
('befasst', 'erdbeben'),1
('erdbeben', 'gemessenen'),1
('erdbeben', 'fanden'),1
('erdbeben', 'francisco'),1
('1906', 'erdbeben'),1
('erdbeben', 'glaubten'),1
('brächen', 'erdbeben'),1
('blitze', 'erdbeben'),1
('daher', 'erdbebenableiter'),1
('art', 'erdbebenableiter'),1
('entstehen', 'erdbeben'),1
('brechen', 'erdbeben'),1
('erdbeben', 'ursprung'),1
('nachgewiesen', 'tiefherdbeben'),1
('tiefherdbeben', 'treten'),1
('erdbeben', 'hypozentren'),1
('auslöser', 'tiefherdbeben'),1
('tiefherdbeben', 'volumenänderung'),1
('erdbeben', 'schwache'),1
('erdbeben', 'unterseeischen'),1
('erdbeben', 'spürbare'),1
('erdbeben', 'frost'),1
('erdbeben', 'oberfläche'),1
('erdbeben', 'grollendes'),1
('ausgelösten', 'erdbeben'),1
('erdbeben', 'finden'),1
('erdbeben', 'liegt'),1
('anthropogenen', 'erdbeben'),1
('erdbeben', 'ereigneten'),1
('verwerfungen', 'wenchuan-erdbeben'),1
('china', 'wenchuan-erdbeben'),1
('ausgelöste', 'erdbeben'),1
('erdbeben', 'erzeugen'),1
('erdbebenwellen', 'erzeugen'),1
('erdbebenwellen', 'verschiedenen'),1
('einhergehenden', 'erdbeben'),1
('erdbebenwellen', 'laufzeiten'),1
('erdbebenwellen', 'weltweit'),1
('erdbebenherds', 'position'),1
('bestimmen', 'erdbebenherds'),1
('erdbeben', 'größten'),1
('bezeichnet', 'erdbebens'),1
('bruchfläche', 'erdbeben'),1
('auslöst', 'erdbeben'),1
('erdbebenherd', 'erdoberfläche'),1
('erdbebenherd', 'regel'),1
('erdbebens', 'größeren'),1
('erdbebenereignissen', 'typen'),1
('drei', 'erdbebenereignissen'),1
('erdbeben', 'führen'),1
('gelegentlich', 'megathrust-erdbeben'),1
('bezeichnet', 'megathrust-erdbeben'),1
('erdbebenskala', 'hauptartikel'),1
('erdbeben', 'erdbebenskala'),1
('erdbeben', 'miteinander'),1
('energie', 'erdbebens'),1
('erdbebens', 'schon'),1
('erdbebenskalen', 'verschiedene'),1
('entwickelt', 'erdbebenskalen'),1
('erdbebenskalen', 'ersten'),1
('ende', 'erdbebenskalen'),1
('erdbebens', 'intensität'),1
('beschreiben', 'erdbebens'),1
('erdbeben', 'intensität'),1
('erdbeben', 'wichtiger'),1
('entwicklung', 'erdbeben'),1
('erdbebenstärke', 'messung'),1
('benutzt', 'erdbebenstärke'),1
('erdbebens', 'liegen'),1
('erdbeben', 'quantifizierung'),1
('erdbeben', 'raum'),1
('erdbebenmessstation', 'liegt'),1
('erdbebenmessstation', 'weit'),1
('erdbebenherd', 'weit'),1
('entfernt', 'erdbebenherd'),1
('erdbebens', 'groß'),1
('erdbebeneinstufungen', 'älteren'),1
('erdbebeneinstufungen', 'vielfach'),1
('erdbeben', 'seismometer'),1
('erdbebenwellen', 'primären'),1
('erdbebenwellen', 'p-wellen'),1
('erdbebenherd', 'nahe'),1
('erdbebenherd', 'liegen'),1
('erdbebenfrühwarnung', 'verbesserung'),1
('erdbebenfrühwarnung', 'hauptartikel'),1
('erdbebenvorhersage', 'hauptartikel'),1
('erdbebenvorhersage', 'zeitlich'),1
('erdbeben', 'heutigen'),1
('auftreten', 'erdbebens'),1
('bestimmten', 'erdbebens'),1
('erdbeben', 'größeren'),1
('fall', 'haicheng-erdbebens'),1
('februar', 'haicheng-erdbebens'),1
('erdbebens', 'vorfeld'),1
('beobachtet', 'erdbebens'),1
('erdbeben', 'verschiedenen'),1
('dokumentiert', 'erdbeben'),1
('erdbebenkatalogs', 'globalen'),1
('erdbebenkatalogs', 'international'),1
('erdbeben', 'verlässlich'),1
('erdbeben', 'warnen'),1
('erdbeben', 'zerstörerischen'),1
('erdbeben', 'sogenannte'),1
('erdbeben', 'unkonventionellen'),1
('erdbeben', 'gehören'),1
('bekannten', 'erdbebengebiete'),1
('erdbebengebiete', 'erde'),1
('erdbebenereignisse', 'überlieferter'),1
('befindet', 'erdbebenereignisse'),1
('erdbeben', 'folgende'),1
('anmerkungen', 'erdbeben'),1
('erdbeben', 'valdivia'),1
('erdbeben', 'metern'),1
('obdachlos', 'tōhoku-erdbeben'),1
('erdbeben', 'teuerste'),1
('erdbeben', 'überhaupt'),1
('daiichi', 'erdbeben'),1
('erdbeben', 'kamtschatka'),1
('8,9', 'erdbeben'),1
('chile', 'erdbeben'),1
('erdbeben', 'vermisste'),1
('ecuador-kolumbien', 'erdbeben'),1
('erdbeben', 'rat'),1
('8,7', 'erdbeben'),1
('araucanía', 'erdbeben'),1
('andreanof', 'erdbeben'),1
('8,6', 'assam-erdbeben'),1
('1950', 'assam-erdbeben'),1
('erdbeben', 'registrierte'),1
('aleuten', 'erdbeben'),1
('erdbeben', 'hervorgerufenen'),1
('erdbebensicherheit', 'wesentlich'),1
('bauwerke', 'erdbebensicherheit'),1
('auslegung', 'erdbebeneinwirkungen'),1
('erdbebeneinwirkungen', 'verschiedenen'),1
('definiert', 'erdbebenlicht'),1
('erdbebenlicht', 'liste'),1
('erdbeben', 'österreich'),1
('21.', 'erdbeben'),1
('bolt', 'erdbeben'),1
('erdbeben', 'schlüssel'),1
('erdbeben', 'vulkane'),1
('bearbeitet', 'erdbeben'),1
('erdbeben', 'schneider'),1
('einführung', 'erdbeben'),1
('erdbeben', 'waldherr'),1
('außergewöhnliche', 'erdbeben'),1
('erdbeben', 'rezeptionsgeschichte'),1
('erdbeben', 'gerhard'),1
('antike', 'erdbeben'),1
('alpinen', 'erdbeben'),1
('darstellung', 'erdbeben'),1
('erdbeben', 'häufigkeit'),1
('erdbeben', 'quake'),1
('erdbebenserie', 'italien'),1
('erdbebenserie', 'mittelitalien'),1
('erdbeben', 'waldbrände'),1
('einfügst', 'erdbeben'),1
('erdbeben', 'us-dollar'),1
('daishinsai', 'hanshin-awaji-erdbebenkatastrophe'),1
('hanshin-awaji-erdbebenkatastrophe', 'offizielle'),1
('bezeichnung', 'süd-hyōgo-erdbeben'),1
('süd-hyōgo-erdbeben', '兵庫南部地震'),1
('erdbebens', 'zeit'),1
('büros', 'erdbebens'),1
('erdbeben', 'gesamtsumme'),1
('erdbeben', 'verursachten'),1
('erdbeben', 'tausend'),1
('erdbebensicherheit', 'modernere'),1
('erdbebensicherheit', 'katastrophenmanagement'),1
('higashinada', 'tōhoku-erdbeben'),1
('2011', 'erdbebendatenbank'),1
('erdbebendatenbank', 'noaa'),1
('große', 'hanshin-erdbeben'),1
('geowissenschaften', 'hanshin-erdbeben'),1
('bislang', 'erdbeben'),1
('erdbeben', 'quickerde'),1
('erdbeben', 'stattfinden'),1
('ansteht', 'erdbeben'),1
('bodenverflüssigung', 'erdbeben'),1
('hochfrequenz-erdbebens', 'oberflächennahen'),1
('hochfrequenz-erdbebens', 'verflüssigen'),1
('belastung', 'erdbebens'),1
('erdbebens', 'porendruck'),1
('erdbeben', 'gedrückt'),1
('erdbeben', 'großflächiger'),1
('christchurch-erdbeben', 'neben'),1
('christchurch-erdbeben', 'februar'),1
('2010', 'loma-prieta-erdbeben'),1
('loma-prieta-erdbeben', 'san'),1
('tangshan-erdbeben', 'verheerende'),1
('jahre', 'tangshan-erdbeben'),1
('beim', 'sulawesi-erdbeben'),1
('2018', 'sulawesi-erdbeben'),1
('erdbeben', 'plötzlich'),1
('erdbebenüberwachung', 'manchmal'),1
('erdbebenüberwachung', 'übernehmen'),1
('erdbeben', 'unterscheidet'),1
('erdbeben', 'typs'),1
('erdbebenmessgerät', 'seismometer'),1
('erdbebenmessgerät', 'ruckartig'),1
('erdbeben', 'messung'),1
('erdbeben', 'niedrigfrequenten'),1
('erdbeben', 'zusammenhänge'),1
('bevorstehenden', 'erdbeben'),1
('allgemein', 'erdbeben'),1
('china', 'erdbeben'),1
('erdbeben', 'grenzflächen'),1
('erdbebens', 'himalaya-hauptstörung'),1
('erdbebenaktivität', 'intensive'),1
('destabilisiert', 'erdbebenaktivität'),1
('ausgelöst', 'friaul-erdbeben'),1
('friaul-erdbeben', 'stürzten'),1
('erdbeben', 'tadschikistan'),1
('erdbeben', 'verursachte'),1
('1949', 'erdbeben'),1
('ausgelöster', 'erdbeben'),1
('erdbeben', 'zentralen'),1
('bergstürze', 'erdbeben'),1
('erdbeben', 'geowissenschaften'),1
('1992', 'northridge-erdbeben'),1
('northridge-erdbeben', 'usa'),1
('erdbebenzonen', 'windzonen'),1
('dlubal.com', 'erdbebenzonen'),1
('erdbeben', 'leichtere'),1
('erdbeben', 'zusammenspiel'),1
('erdbeben', 'verursacht'),1
('erdbeben', 'schließen'),1
('erdbeben', 'sturmfluten'),1
('erdbeben', 'untersuchungen'),1
('erdbeben', 'momentenmagnitude'),1
('erdbebenrisiko', 'hochwasser-'),1
('erdbebenrisiko', 'stadtgebiet'),1
('diejenigen', 'erdbebens'),1
('100', 'woherdbebenopfernachingegen'),1
('wirksame', 'woherdbebenopfernachingegen'),1
('erdbeben', 'fallen'),1
('erdbeben', 'sowie'),1
('erdbeben', 'meteoriteneinschläge'),1
('erdbeben', 'zählt'),1
('22.', 'erdbeben'),1
('chile-erdbebenerst', 'großes'),1
('9,5', 'chile-erdbebenerst'),1
('danach', 'erdbebenmessgeräte'),1
('derart', 'erdbebenmessgeräte'),1
('chile-erdbeben', 'großes'),1
('chile-erdbeben', 'geschichte'),1
('damals', 'erdbebenregion'),1
('erdbebenregion', 'ums'),1
('alaska-erdbeben', 'große'),1
('alaska-erdbeben', 'stärke'),1
('erdbeben', 'ostasien'),1
('erdbeben', 'kleine'),1
('erdbeben', 'erklärte'),1
('erdbebenopfer', 'hochdruck'),1
('erdbebengebiet', 'rettungseinsätzen'),1
('erdbebens', 'kosten'),1
('erdbebens', 'könnten'),1
('erdbebenopfer', 'versorgung'),1
('dadurch', 'erdbebenopfer'),1
('erdbebenopfer', 'unterstützung'),1
('erdbebenopfer', 'land'),1
('erdbebengebiet', 'erklärte'),1
('erdbebenopfer', 'lebensmittel'),1
('erdbebengebiete', 'zunächst'),1
('erdbeben', 'syrisch-türkischen'),1
('erdbebengebiet', 'trümmern'),1
('angehörigen', 'erdbebens'),1
('erdbebenkatastrophe', 'überlebende'),1
('aussicht', 'erdbebenkatastrophe'),1
('erdbebenopfer', 'gedenken'),1
('brandenburger', 'erdbebenopfer'),1
('angekündigt', 'erdbeben'),1
('ausgelöst', 'us-erdbebenwarte'),1
('kilometer', 'us-erdbebenwarte'),1
('erdbeben', 'naturkatastrophen'),1
('erdbeben', 'überflutungen'),1
('heftige', 'tohoku-erdbeben'),1
('tohoku-erdbeben', 'tsunami'),1
('erdbebens', 'menschen'),1
('erdbeben', 'hielt'),1
('erdbeben', 'sommer'),1
('erdbebenopfernach', 'milliarden'),1
('erdbebenopfernach', 'katastrophalen'),1
('erdbebensicherheit', 'standards'),1
('erdbebensicherheit', 'wiederaufgebaut'),1
('erdbeben', 'schätzen'),1
('erdbebenopfer', 'überlebenden'),1
('erdbebenopfer', 'richtet'),1
('erdbebenhilfe', 'seien.kinderhilfsorganisation'),1
('erdbebenhilfe', 'hilfe.bisher'),1
('erdbeben', 'normalität'),1
('erdbeben', 'furchtbaren'),1
('erdbebengebietes', 'teil'),1
('erdbebengebietes', 'überflutung'),1
('erdbeben', 'spieler'),1
('erdbeben', 'hinterkopf'),1
('1999', 'erdbeben'),1
('arikan', 'erdbebenopfer'),1
('bestürzt', 'erdbebenopfer'),1
('einzelnen', 'erdbebengebieten'),1
('eingetroffen', 'erdbebengebieten'),1
('erdbeben', 'sachen'),1
('einfluss', 'erdbeben'),1
('erdbeben', 'katastrophenmanagement'),1
('erdbebengebiet', 'zerstörung'),1
('erdbebengebiet', 'sonderlich'),1
('angehörige', 'erdbeben'),1
('erdbebenregion', 'sachspenden'),1
('erdbebenregion', 'geschickt'),1
('erdbeben', 'tante'),1
('erdbebengebiet', 'vorbereiten'),1
('erdbeben', 'verwandte'),1
('erdbeben', 'opfer'),1
('erdbeben', 'schlagzeilen'),1
('erdbebens', 'verletzte'),1
('anwesend', 'erdbebens'),1
('erdbebenopfer', 'spendenaktion'),1
('erdbeben', 'verletzte'),1
('angehörigen', 'erdbebengebiet'),1
('drei', 'erdbebengebiet'),1
('bezug', 'erdbeben'),1
('erdbeben', 'identifiziert'),1
('erdbebengebiet', 'kurzem'),1
('erdbebengebiet', 'zurückgekehrt'),1
('beiden', 'erdbeben'),1
('erdbebenopfern', 'möchte'),1
('erdbebenopfern', 'weiterhin'),1
('erdbebenopfer', 'erhöhtdie'),1
('erdbebenregion', 'personen'),1
('ausgestellt', 'erdbebenregion'),1
('50.000', 'erdbeben-tote'),1
('erdbeben', 'vorherigen'),1
('beschädigt', 'erdbeben'),1
('erdbebenopfer', 'zelte'),1
('erdbebenopfer', 'private'),1
('2.050', 'erdbeben'),1
('erdbeben', 'schämt'),1
('erdbeben', 'kritik'),1
('erdbebenwarte', 'getroffen'),1
('erdbebenzentrum', 'erfasst'),1
('erdbebenzentrum', 'landes'),1
('erdbebengefahr', 'hoch'),1
('erdbebengefahr', 'februar'),1
('erdbebengebiete', 'zuerst'),1
('bestatter', 'erdbebengebiet'),1
('erdbebengebiet', 'geholfen'),1
('davon', 'erdbebenregion'),1
('erdbebenregion', 'prozent'),1
('erdbebenopfern', 'millionen'),1
('erdbebenopfern', 'versprochen.bleibt'),1
('erdbeben', 'erdogan'),1
('erdbeben', 'milliardenschwere'),1
('erdbeben-auswirkungen', 'menschen'),1
('betroffennoch', 'erdbeben-auswirkungen'),1
('architekten', 'erdbebensicher'),1
('erdbebensicher', 'wenige'),1
('entfernt', 'erdbeben'),1
('erdbeben', 'zerstörten'),1
('erdbebenschäden', 'mussten'),1
('behoben', 'erdbebenschäden'),1
('artikel', 'erdbebenopfer'),1
('erdbeben', 'erneut'),1
('erdbeben', 'gab'),1
('denen', 'erdbebenopfer'),1
('erdbeben', 'familie'),1
('erdbeben', 'glücklicherweise'),1
('erdbeben', 'naturkatastrophe'),1
('erdbeben', 'leide'),1
('erdbeben', 'nachricht'),1
('erdbeben', 'haus'),1
('außerhalb', 'erdbebengebietes'),1
('erdbebengebietes', 'warum'),1
('einließ', 'erdbeben'),1
('erdbeben', 'weit'),1
('angehörigen', 'erdbebengebieten'),1
('drei', 'erdbebengebieten'),1
('arbeitsvisa', 'erdbebenopfer'),1
('erdbebenopfer', 'streckel'),1
('erdbebenbetroffene', 'hürden'),1
('erdbebenbetroffene', 'kurzfristig'),1
('erdbeben', 'erhalten.weitere'),1
('erdbebenkatastrophe', 'opfer'),1
('erdbebenopfer', 'verfügung'),1
('erdbebenregion', 'nahe'),1
('erdbeben', 'leid'),1
('erdbeben', 'nehmen'),1
('beschlossen', 'erdbeben'),1
('erdbebenopfer', 'zerstörungen'),1
('erdbebenopfer', 'erfüllbar'),1
('erdbeben', 'visa-erleichterung'),1
('erdbeben', 'erneutes'),1
('erdbeben', 'stuft'),1
('erdbeben', 'türkische'),1
('erdbebengebiet', 'hilfe'),1
('erdbebengebiet', 'plant'),1
('erdbebengebiete', 'geberkonferenz'),1
('beiden', 'erdbebengebiete'),1
('erdbebengebieten', 'verzweifelt'),1
('erdbebenopfer', 'sonderkollekte'),1
('erdbebengebiet', 'team'),1
('erdbebenopfer', 'lage'),1
('erdbebenopfer', 'informieren'),1
('erdbeben', 'inzwischen'),1
('erdbeben', 'südosten'),1
('erdbebenwarte', 'hatay'),1
('erdbeben', 'gegeben.erneutes'),1
('erdbeben', 'gingen'),1
('beben', 'erdbebenkatastrophe'),1
('erdbebenkatastrophe', 'zwei'),1
('erdbeben', 'libanon'),1
('erdbebengebietbundesaußenministerin', 'reisen'),1
('annalena', 'erdbebengebietbundesaußenministerin'),1
('erdbebengebiet', 'südosten'),1
('erdbebenregion', 'türkisch-syrischen'),1
('erdbebenregion', 'schwer'),1
('elf', 'erdbebenkatastrophe'),1
('erdbebensichereren', 'neubauten'),1
('erdbebensichereren', 'gebieten'),1
('erdbebengebiet', 'half'),1
('erdbeben', 'großstadt'),1
('dennoch', 'erdbebengebiet'),1
('erdbebengebiet', 'fliegen'),1
('erdbebens', 'überlebende'),1
('erdbebens', 'geborgenmarco'),1
('elâzığ', 'erdbeben'),1
('erdbeben', 'meldungen'),1
('erdbebens', 'lag'),1
('erdbebenkatastrophen', 'podcast'),1
('erdbebenkatastrophen', 'vermeidbar'),1
('erdbeben-expertin', 'sagte'),1
('charlotte', 'erdbeben-expertin'),1
('erdbebengefährdet', 'jahrhunderte'),1
('erdbeben-expertin', 'erklärt'),1
('erdbeben-expertin', 'tun'),1
('erdbeben', 'katastrophenregionrund'),1
('erdbebenregion', 'erklären'),1
('erdbebens', 'februar'),1
('angaben', 'erdbebengebiet'),1
('erdbeben', 'müssen'),1
('erdbeben', 'lernen'),1
('erdbeben', 'leben'),1
('erdbebensichere', 'sollen'),1
('erdbebensichere', 'wohnhäuser'),1
('bauarbeiten', 'erdbeben'),1
('betroffenheit', 'erdbebenkatastrophe'),1
('erdbebenkatastrophe', 'groß'),1
('erdbebenhilfe', 'erhöht'),1
('erdbebenhilfe', 'syriendie'),1
('22,2', 'erdbebenopfer'),1
('erdbeben', 'euro'),1
('erdbebengebiet', 'hilfen'),1
('ankommen', 'erdbebengebiet'),1
('erdbebengebiet', 'tote'),1
('erdbeben', 'grenze'),1
('60-malige', 'erdbeben'),1
('erdbeben', 'solidarität'),1
('erdbebenregion', 'organisieren'),1
('erdbeben-betroffene', 'gehen'),1
('erdbeben-betroffene', 'stehen'),1
('erdbeben', 'großen'),1
('eingehalten', 'erdbeben'),1
('erdbebenprävention', 'katastrophe'),1
('erdbebenprävention', 'unzureichend'),1
('erdbeben', 'freigesprochen'),1
('angekündigt', 'erdbebenopfer'),1
('erdbebenopfer', 'schnellstmöglich'),1
('erdbebens', 'zeitpunkt'),1
('aktenordner', 'erdbebens'),1
('bereitgestellt', 'erdbebenopfer'),1
('erdbebenopfer', 'sprint'),1
('erdbebengebiet', 'hilfslieferungen'),1
('erdbebengebiet', 'unterwegs'),1
('erdbebenopfer', 'gehen'),1
('erdbebenopfer', 'stehen'),1
('angehörige', 'erdbebenopfern'),1
('eingerichtet', 'erdbebenopfern'),1
('erdbeben', 'tieren'),1
('erdbeben', 'vorher'),1
('derzeitigen', 'erdbeben'),1
('erdbeben', 'fast'),1
('erdbeben', 'geschichten'),1
('erdbebenregion', 'videos'),1
('empathisch', 'erdbebenregion'),1
('erdbeben-opfer', 'unklar'),1
('erdbeben-opfer', 'witzigen'),1
('aktuellen', 'erdbebenkatastrophe'),1
('erdbebenrisiko', 'erhöhtem'),1
('erdbebenrisiko', 'verheerende'),1
('erdbebengefährdeten', 'gebäude'),1
('erdbebengefährdeten', 'gebieten'),1
('gang', 'setzterdbebensicheres'),1
('bauen', 'setzterdbebensicheres'),1
('erdbebensicher', 'jahren'),1
('erdbebensicher', 'gebaut'),1
('erdbebengefährdet', 'land'),1
('architekt', 'erdbebengefährdet'),1
('erdbebengebiet', 'gefährdeten'),1
('containermodule', 'erdbebengebiet'),1
('erdbebensichere', 'woche'),1
('erdbebensichere', 'unterkünfte'),1
('erdbebenlager', 'hochgehoben'),1
('erdbebenlager', 'untergelegt'),1
('erdbebenwellen', 'surfen'),1
('erdbebenwellen', 'prinzip'),1
('erdbebens', 'wellen'),1
('angerast', 'erdbebens'),1
('erdbebenlager', 'gebäude'),1
('erdbebenlager', 'gestellt'),1
('erdbebensicher', 'professor'),1
('erdbebensicher', 'ton'),1
('erdbebensichere', 'holz'),1
('bauen', 'erdbebensichere'),1
('erdbebenregion', 'kontrollierte'),1
('erdbebenregion', 'nordwesten'),1
('erdbebenopfer', 'sanktionen'),1
('erdbeben', 'pläne'),1
('erdbeben-hilfe', 'wegen'),1
('erdbeben-hilfe', 'heftig'),1
('erdbeben-opfer', 'visa-vergabe'),1
('erdbeben-opfer', 'vorgeworfen'),1
('erdbeben', 'schreckliche'),1
('erdbebenkatastrophe', 'zahl'),1
('erdbebens', 'schäden'),1
('erdbebenhilfe', 'usa'),1
('erdbebenhilfe', 'türkei'),1
('erdbebengebiet', 'staaten'),1
('erdbebengebiet', 'hieß'),1
('erdbebenkatastrophe', 'verheerenden'),1
('erdbebenkatastrophe', 'weitere'),1
('erdbeben', 'infolge'),1
('erdbeben', 'mauern'),1
('erdbebengebiet', 'verteilt'),1
('dai', 'erdbebenregion'),1
('erdbebenregion', 'kernland'),1
('erdbeben', 'vertreten'),1
('erdbeben', 'fundstätten'),1
('erdbebens', 'trotz'),1
('erdbeben', 'unabhängig'),1
('erdbeben', 'usa'),1
('erdbebengebiet', 'trinkwasser'),1
('erdbebengebiet', 'kehren'),1
('erdbebengebiet', 'zurück'),1
('bergung', 'erdbeben-opferfür'),1
('erdbeben-opferfür', 'marco'),1
('erdbebenprovinz', 'woche'),1
('erdbebenprovinz', 'hatay'),1
('ankunft', 'erdbebengebietauch'),1
('erdbebengebietauch', 'münchner'),1
('erdbebengebiet', 'wawrzinek'),1
('dabei', 'erdbebengebiet'),1
('erdbebenregion', 'mittelpunktin'),1
('erdbeben', 'ganze'),1
('erdbebengebieten', 'personen'),1
('erdbebengebiete', 'hilfsinitiativen'),1
('erdbebengebiete', 'koordinieren'),1
('augsburgnach', 'erdbeben'),1
('erdbeben', 'grenzregion'),1
('30verwendungszweck', 'erdbeben'),1
('erdbeben', 'spende'),1
('erdbeben', 'nothilfe'),1
('erdbeben', 'sozialwirtschaftverwendungszweck'),1
('bankverwendungszweck', 'erdbeben'),1
('erdbeben', 'türkei/syrien'),1
('erdbebenregion', 'folter'),1
('erdbebengebieten', 'zugänglichen'),1
('erdbebengebieten', 'syriens'),1
('erdbebenopfer', 'sollen'),1
('erdbebenopfer', 'gebieten'),1
('erdbeben', 'mediathek'),1
('erdbeben', 'internationale'),1
('erdbebenopfer', 'nordwesten'),1
('erdbebengebieten', 'stück'),1
('angehörigen', 'erdbebenopfern'),1
('erdbebens', 'hilfe'),1
('erdbeben', 'gar'),1
('erdbeben', 'sorgen'),1
('erdbeben', 'forschende'),1
('erdbeben', 'erdoberfläche'),1
('erdbeben', 'gesammelt'),1
('erdbebenwellen', 'fall'),1
('erdbebenwellen', 'mittel'),1
('erdbebenwellen', 'erforschen'),1
('erdbebenwellen', 'verraten'),1
('erdbebengebiet', 'verlässt'),1
('erdbebengebiet', 'warten'),1
('erdbebenregion', 'seuchenrisiko'),1
('erdbebenregion', 'groß'),1
('bedingungen', 'erdbebengebiet'),1
('erdbebengebiet', 'herausforderung.verwesung'),1
('erdbeben', 'infektionsmediziner'),1
('erdbeben', 'leider'),1
('betroffenen', 'erdbebengebiet'),1
('erdbebengebiet', 'hilft'),1
('erdbebengebiet', 'verloren'),1
('erdbebenkatastrophe', 'überlebenden'),1
('deutschen', 'erdbebenkatastrophe'),1
('erdbeben', 'zunächst'),1
('entfernte', 'erdbebengebiet'),1
('erdbebengebiet', 'hilfstransport'),1
('erdbebenkatastrophe', 'tod'),1
('erdbebenkatastrophe', 'türkei'),1
('bedürfnis', 'erdbebenopfern'),1
('erdbebenopfern', 'sonntag'),1
('erdbeben', 'syriennach'),1
('erdbebengebiet', 'tausende'),1
('erdbeben-betroffene', 'visa-vergabe'),1
('erdbeben-betroffene', 'geplantseit'),1
('erdbeben', 'ruhige'),1
('aktion', 'erdbebenopfern'),1
('dach', 'erdbebengebiet'),1
('erdbebengebiete', 'geldspenden'),1
('erdbebengebiete', 'kommt'),1
('erdbeben-katastrophe', 'woche'),1
('erdbeben-katastrophe', 'türkei'),1
('erdbebengebiet', 'news'),1
('inzwischen', 'jahrhundert-erdbeben.noch'),1
('jahrhundert-erdbeben.noch', 'überlebende'),1
('erdbebenregion', 'verwandten'),1
('erdbebens', 'verlieren'),1
('erdbebengebiete', 'signale'),1
('erdbebengebiete', 'setzen'),1
('erdbebensicherem', 'vergangenheit'),1
('bauen', 'erdbebensicherem'),1
('erdbebensichere', 'illusorisch'),1
('erdbebensichere', 'gebäude'),1
('erdbebenopfer', 'geplantgrünen-politikerin'),1
('erdbebenopfer', 'schaffen'),1
('erdbebengebiet', 'zerstörten'),1
('derzeit', 'erdbebengebiet'),1
('bundesregierungneben', 'erdbebenkatastrophe'),1
('erdbebenkatastrophe', 'sonntags-stammtisch'),1
('deligöz', 'erdbebenopfer'),1
('erdbebenregion', 'rettungsarbeiten'),1
('erdbeben', 'zwölf'),1
('erdbeben-gebieten', 'menschen'),1
('erdbeben-gebieten', 'herausgebracht'),1
('arbeit', 'erdbebengebiet'),1
('erdbebengebiet', 'vorübergehend'),1
('erdbebengebietsuch-', 'waisenkinder'),1
('erdbebengebietsuch-', 'rettungsteams'),1
('erdbeben-katastrophe', 'großschadenslagen'),1
('erdbeben-katastrophe', 'gebe'),1
('erdbeben', 'system'),1
('belastet', 'erdbeben'),1
('erdbebenkatastrophe', 'schweren'),1
('erdbebengebiet', 'erleichtern'),1
('community', 'erdbebenopfern'),1
('erdbebenopfern', 'hilftin'),1
('80.000', 'erdbeben'),1
('24.000', 'erdbebengebiet'),1
('erdbebengebiet', 'landesverbänden'),1
('erdbebengebiet', 'weitere'),1
('erdbeben-gebiete', 'geldspenden'),1
('erdbeben-gebiete', 'kommt'),1
('chaosphase', 'erdbebengebietaußerdem'),1
('erdbebengebietaußerdem', 'warnt'),1
('chaosphase', 'erdbebengebiet'),1
('erdbebengebiet', 'große'),1
('erdbeben', 'zufolge'),1
('betroffen.zum', 'erdbeben'),1
('28.000', 'erdbeben-opfer'),1
('erdbeben-opfer', 'justiz'),1
('erdbebenopfer', 'überlebensnotwendige'),1
('einreise', 'erdbeben-opfer'),1
('berliner', 'erdbeben-opfer'),1
('erdbeben', 'gelte'),1
('erdbebengebiet', 'waisenkinder'),1
('erdbebengebiet', 'vier'),1
('erdbebengebiet', 'frau'),1
('erdbeben', 'schock'),1
('21.000', 'erdbebenopfern'),1
('erdbebenopfern', 'südosten'),1
('artikel', 'erdbeben-opfer'),1
('beherbergen', 'erdbeben-opfer'),1
('ditib.predigttext', 'erdbebenopfer'),1
('erdbebenopfer', 'helferbereits'),1
('abgehalten', 'erdbebenopfer'),1
('erdbebenopfer', 'macht'),1
('erdbebenhilfe', 'geldspenden'),1
('erdbebenhilfe', 'hintergrund'),1
('erdbebens', 'verheerenden'),1
('erdbebengebiet', 'tatsächlich'),1
('erdbebengebiet', 'riesig'),1
('erdbeben', 'schwierig'),1
('erdbeben-katastrophe', 'syriennach'),1
('erdbeben-katastrophe', 'rät'),1
('erdbebengebiet', 'verwaltungsaufwand'),1
('erdbebengebiet', 'tätigen'),1
('erdbebengebiete', 'spendenbereitschaft'),1
('erdbebengebiete', 'türkei'),1
('erdbebenopfer', 'nationen'),1
('eingetroffen', 'erdbebenopfer'),1
('erdbebenregion', 'hilfsgütern'),1
('erdbebenregion', 'zurückhalten.zum'),1
('21.000', 'erdbeben-tote'),1
('erdbebenhilfe', 'un-konvois'),1
('erdbebenhilfe', 'lager'),1
('erdbeben', 'jedoch'),1
('erdbeben', 'geplant'),1
('erdbeben', 'stunde'),1
('erdbeben', 'verstreicht'),1
('erdbebengebieten', 'zerstörungen'),1
('erdbeben', 'touristenzentren'),1
('beeinträchtigt', 'erdbeben'),1
('erdbebenregion', 'zeitweise'),1
('erdbeben', 'pauschalreise'),1
('erdbeben', 'reicht'),1
('erdbebengefährdeten', 'reiserücktritt'),1
('erdbebengefährdeten', 'stadt'),1
('erdbebengebieten', 'verwandte'),1
('erdbebengebieten', 'syrien'),1
('erdbebengebieten', 'freunden'),1
('erdbebengebieten', 'sorgen'),1
('erdbebengebieten', 'geschichten'),1
('erdbebenopfer', 'heimatland'),1
('erdbebenopfer', 'geldspenden'),1
('erdbebengebiete', 'sachspenden'),1
('erdbebengebiete', 'schicken'),1
('direkt', 'erdbeben'),1
('erdbeben', 'veranlasst'),1
('erdbebenopfer', 'lindern'),1
('erdbeben', 'stützpunkt'),1
('erdbeben', 'geschädigt'),1
('erdbeben-opfer', 'erreichbaren'),1
('erdbeben-opfer', 'nordwesten'),1
('erdbebens', 'folge'),1
('erdbebens', 'erreichen'),1
('erdbeben', 'humanitäre'),1
('erdbeben', 'lebensader'),1
('erdbeben', 'hinzu.syrische'),1
('erdbeben', 'komplett'),1
('erdbeben', 'hilfsgüter'),1
('erdbeben', 'umgeladen'),1
('erdbeben', 'okay'),1
('erdbebengebiet', 'ingolstadt'),1
('erdbeben', 'stichwort'),1
('erdbebengebietin', 'teams'),1
('erdbebengebietin', 'moosburg'),1
('erdbebengebiet', 'hilfseinsatz'),1
('erdbeben', 'strecke'),1
('deutlich', 'erdbeben'),1
('erdbeben', 'gerettet'),1
('erdbeben', 'zerrissene'),1
('erdbeben', 'gestorben'),1
('erdbeben', 'gefahr'),1
('erdbeben', 'kennt'),1
('erdbeben-gebieten', 'leichen'),1
('erdbeben', 'pompompom'),1
('erdbeben', 'presslufthammerin'),1
('aufräumarbeiten', 'erdbeben'),1
('erdbeben', 'soldaten'),1
('erdbebengebieten', 'solidarität'),1
('.vorwürfe', 'erdbebengebieten'),1
('besuch', 'erdbebengebieten'),1
('erdbebengebieten', 'ersten'),1
('erdbeben-gebieten', 'lage'),1
('erdbeben-gebieten', 'zwei'),1
('erdbeben', 'erfahrung'),1
('erdbebengebiet', 'falls'),1
('erdbebengebiet', 'sicheres'),1
('erdbebengebiet', 'warnwesten'),1
('erdbeben', 'schlimmen'),1
('erdbebensicherheit', 'fragen'),1
('erdbebensicherheit', 'gebäude'),1
('erdbeben', 'neue'),1
('erdbebensicheres', 'vorschriften'),1
('beziehungsweise', 'erdbebensicheres'),1
('beziehungsweise', 'erdbebengerechtes'),1
('bauen', 'erdbebengerechtes'),1
('erdbeben', 'todesopfer'),1
('erdbeben', 'steigt'),1
('erdbeben', 'risiko-zone'),1
('erdbeben', 'risiken'),1
('einnimmt', 'erdbeben'),1
('beobachten', 'erdbeben'),1
('erdbeben-gebieten', 'süden'),1
('erdbebengebiet', 'erdogan'),1
('erdbebengebietdie', 'vermisste'),1
('erdbebengebietdie', 'opferzahl'),1
('erdbeben', 'folgenschwerste'),1
('erdbeben', 'gebe'),1
('erdbebens', 'sagte'),1
('erdbeben-region', 'hilfsgüter'),1
('erdbeben-region', 'fliegen'),1
('erdbebengebiet.zum', 'unterwegs'),1
('artikel', 'erdbebengebiet.zum'),1
('erdbebenopfer', 'region'),1
('bringen', 'erdbebengebiet'),1
('erdbebens', 'südosten'),1
('arbeit', 'erdbeben-katastrophe'),1
('erdbeben-katastrophe', 'erfahren'),1
('erdbebengebieten', 'nachrichten'),1
('betroffen', 'erdbebengebieten'),1
('heißt', 'mitteilung.erdbebenopfer'),1
('mitteilung.erdbebenopfer', 'syrien'),1
('erdbebenopfer', 'vergessenexplizit'),1
('erdbeben', 'syriens'),1
('erdbeben', 'zahlreiche'),1
('erdbeben', 'versorgt'),1
('bürgerkriegs', 'erdbeben'),1
('erdbebenregion', 'syrischen'),1
('erdbebenregion', 'laufende'),1
('erdbebenopfer', 'genutzt'),1
('erdbebengebiet', 'millionen'),1
('erdbebengebiet', 'türkische'),1
('erdbebengebieten', 'türkischen'),1
('erdbebengebieten', 'ähneln'),1
('damals', 'erdbeben'),1
('erdbeben', 'gölcük'),1
('aufgebaut', 'erdbebensteuer'),1
('eingeführt', 'erdbebensteuer'),1
('erdbebensteuer', 'vorhersehbar'),1
('erdbebensteuer', 'schweren'),1
('erdbebensteuer', 'frage'),1
('erdbebensteuer', 'türkisch'),1
('erdbebensteuer', 'erdogan'),1
('erdbebensteuer', 'verschwendet'),1
('dramatisch', 'erdbebengebiet'),1
('erdbebengebiet', 'werden.zeltschulen'),1
('erdbebengebiet', 'zerstörtneun'),1
('erdbeben', 'wohnzelte'),1
('ausläufer', 'erdbebens'),1
('beirut', 'erdbebens'),1
('erdbebenregion', 'syrischer'),1
('erdbebenregion', 'gebäude'),1
('arbeit', 'erdbeben'),1
('erdbeben', 'erfahren'),1
('beschäftigt', 'erdbeben'),1
('bekannte', 'erdbebenregion'),1
('erdbebenregion', 'hätten'),1
('erdbebengebiet', 'flüchtlingshilfsorganisation'),1
('erdbebenregion', 'hygieneartikel'),1
('erdbebenregion', 'hilfsbereitschaft'),1
('ard/', 'erdbeben'),1
('erdbebenkatastrophe', 'menschen'),1
('betroffen', 'erdbebenkatastrophe'),1
('erdbebenregion.zur', 'helfern'),1
('erdbebenregion.zur', 'übersicht'),1
('erdbebengebiet', 'tagesgespräch'),1
('erdbeben', 'nächtlichen'),1
('erdbeben', 'erschütterte'),1
('erdbeben', 'grenzt'),1
('erdbeben', 'spüren'),1
('erdbeben-toten', 'zahlreichen'),1
('erdbeben-toten', 'land'),1
('erdbebengebiet', 'minustemperaturen'),1
('aufruf', 'erdbebengebiet'),1
('erdbebengebiet', 'rettungsteams'),1
('erdbebengebiet', 'soforthilfen'),1
('erdbebengebiet', 'lieferung'),1
('bundesregierung', 'erdbebenregion'),1
('erdbebenregion', 'koordinieren'),1
('erdbeben', 'hunderttausende'),1
('erdbeben', 'mobilisieren'),1
('erdbeben', 'heftigen'),1
('erdbeben', 'osten'),1
('erdbeben', 'erste'),1
('erdbeben', 'überraschte'),1
('erdbeben', 'handy'),1
('dramatisch', 'erdbeben'),1
('erdbeben', 'ersten'),1
('erdbeben', 'ineinanderschieben'),1
('erdbebensichere', 'müssten'),1
('baustandards', 'erdbebensichere'),1
('erdbeben', 'inselstaat'),1
('erdbeben', 'kommen'),1
('erdbeben', 'pazifischen'),1
('erdbeben', 'feuerring'),1
('erdbeben', 'montagmittag'),1
('südpazifik', 'us-erdbebenwarte'),1
('erdbeben', 'günstig'),1
('dpa', 'erdbeben'),1
('stärke', 'us-erdbebenwarte'),1
('afp', 'erdbeben'),1
('adria', 'erdbeben'),1
('erdbeben', 'mittelitalien'),1
('erdbeben', 'mitteilte'),1
('dienstagmorgen', 'facebook.erdbebenschwarm'),1
('facebook.erdbebenschwarm', 'hunderten'),1
('erdbebenschwarm', 'vermutet'),1
('erdbebenschwarm', 'magmabewegungen'),1
('erdbebenserie', 'erneuten'),1
('erdbebenserie', 'samstag'),1
('erdbebenserie', 'starken'),1
('angekündigt', 'erdbebenserie'),1
('erdbebengefahr', 'erhöhte'),1
('erdbebengefahr', 'methan-emissionen'),1
('erdbeben', 'kräftigen'),1
('erdbeben', 'rundfunk'),1
('erdbeben', 'veröffentlicht'),1
('erdbeben', 'schweiz.berichte'),1
('erdbebendienst', 'schweizer'),1
('beben', 'erdbebendienst'),1
('afghanisch-pakistanischen', 'erdbeben'),1
('erdbeben', 'steigen'),1
('erdbebens', 'sofortige'),1
('erdbebens', 'wucht'),1
('erdbebens', 'hätten'),1
('erdbeben', 'hundert'),1
('erdbeben', 'nordosten'),1
('erdbeben', 'gleichen'),1
('anhaltenden', 'erdbeben'),1
('erdbeben', 'verstärken'),1
('erdbeben', 'vulkanausbruch.13.000'),1
('erdbeben', 'portugiesischen'),1
('13.000', 'erdbeben'),1
('erdbeben', 'erfasst'),1
('erdbeben', 'kretalaut'),1
('erdbebenserie', 'institut'),1
('andauern', 'erdbebenserie'),1
('erdbeben', 'kreta'),1
('beobachtet', 'erdbeben'),1
('erdbeben', 'wiederholte'),1
('bad', 'erdbeben'),1
('bayerische', 'erdbebendienst'),1
('erdbebendienst', 'meldet'),1
('beschäftigt', 'erdbeben-forschungseit'),1
('dreißig', 'erdbeben-forschungseit'),1
('erdbeben', 'erklärung'),1
('erdbeben', 'hochstaufen'),1
('erdbebenserien', 'form'),1
('bezeichnet', 'erdbebenserien'),1
('erdbeben', 'lokalisierung'),1
('erdbeben', 'wissenschaftler'),1
('erdbeben-meldungerdbeben', 'minuten'),1
('erdbeben-meldungerdbeben', 'üblicherweise'),1
('beispiel', 'erdbeben-monitoring-dienst'),1
('daten', 'erdbeben-monitoring-dienst'),1
('erdbeben', 'errechnet'),1
('erdbeben-suche', 'twitter'),1
('app', 'erdbeben-suche'),1
('emsc-webseite', 'erdbeben-app'),1
('durchforsteten', 'erdbeben-app'),1
('begriff', 'erdbeben'),1
('erdbeben', 'sprachen'),1
('1.500', 'erdbeben'),1
('erdbeben', 'zeitraum'),1
('erdbeben', 'verspürt'),1
('bestimmung', 'erdbebenstärke'),1
('bleibt', 'erdbebenstärke'),1
('erdbebenstöße', 'schwächer'),1
('erdbebenstöße', 'erde'),1
('erdbebenkunde', 'hat.insight'),1
('erdbebenkunde', 'marsexperten'),1
('erdbebenkunde', 'forschungsfeld'),1
('erdbebenkunde', 'mars'),1
('erdbebenspezialist', 'lognonne'),1
('erdbebenspezialist', 'französischen'),1
('erdbeben', 'transport'),1
('erdbeben', 'verbiegt'),1
('erdbebenaktivität', 'marmarameeres'),1
('erdbebenaktivität', 'erhöht'),1
('bedroht', 'erdbeben'),1
('erdbebengefährdet', 'nordwesten'),1
('erdbeben', 'überfällig'),1
('erdbeben', 'seismisch'),1
('aseismisch', 'erdbeben'),1
('erdbebengefährdung', 'rückschlüsse'),1
('erdbebengefährdung', 'seismische'),1
('erdbeben', 'tsunamis'),1
('honduras', 'us-erdbebenwarte'),1
('erdbebens', 'land'),1
('8,4', 'us-erdbebenwarte'),1
('erdbeben', 'erdrutsch'),1
('abdeckt', 'erdbeben'),1
('erdbebenauf', 'erdrutsche'),1
('aufnahmen', 'erdbebenauf'),1
('erdbeben', 'morgen'),1
('2017', 'erdbeben'),1
('erdbeben', 'schwer'),1
('erdbeben', 'ort'),1
('eingeschaltet.bergungsarbeiten', 'erdbeben'),1
('eingestellt', 'erdbeben'),1
('jahrhunderterdbeben', 'rettungsarbeiten'),1
('donnerstag', 'jahrhunderterdbeben'),1