Word,Count
die,435
munich,10
re,11
ist,88
bis,27
jetzt,17
recht,2
gut,7
durch,24
krisen,2
gekommen,3
.,602
der,388
vorstand,2
hat,45
im,107
vergangenen,14
jahr,31
sein,13
eigenes,2
gewinnziel,1
übertroffen,1
und,315
erwartet,3
für,108
dieses,4
einen,28
gewinnanstieg,1
auf,84
insgesamt,11
vier,6
milliarden,20
euro,29
``,130
das,146
fußt,1
sehr,13
attraktive,1
marktbedingungen,1
in,292
rückversicherung,1
schaden/unfall,1
ich,8
erwarte,1
ein,76
reguläres,1
wachstum,1
lebensrückversicherung,1
",",690
ergo,2
neuen,3
segment,1
special,2
insurance,2
'',115
sagt,18
joachim,3
wenning,2
vorstandsvorsitzender,1
zu,105
dem,77
sogenannten,1
spezialversicherungsgeschäft,1
gehören,7
zum,40
beispiel,14
absicherung,1
von,127
industrieanlagen,1
oder,35
spezielle,1
haftpflichtversicherungen,1
manager,1
profitiert,1
höheren,5
beiträgenprofitieren,1
konnte,4
rückversicherer,2
auch,87
preisen,2
so,32
sind,48
aufgrund,6
des,77
klimawandels,6
viele,16
versicherungsnehmer,1
bereit,2
höhere,3
beiträge,1
akzeptieren,1
policen,1
bei,53
schäden,15
aus,50
naturkatastrophen,18
aufkommen,1
gestiegenen,2
konzernergebnis,1
zudem,9
erneut,4
erstversicherungstochter,1
beigetragen,1
mit,98
einem,35
gewinn,1
806,1
millionen,30
euro.turbulenzen,1
an,58
finanzmärkten,2
schmälern,1
ergebnisdoch,1
nicht,80
alles,4
lief,1
rund,19
wegen,12
turbulenzen,1
den,110
kapitalanlageergebnis,1
deutlich,6
zurückgegangen,1
"4,9",1
euro.die,1
zinsen,1
werden,70
sich,87
erst,10
zukunft,2
positiv,1
kapitaleinkünfte,1
auswirken,1
zwar,9
indem,1
wertpapiere,1
auslaufen,1
diese,20
hätten,8
oft,3
eine,69
lange,3
laufzeit,1
10,3
20,3
jahren,15
coupon,2
beispielsweise,7
prozent,15
vorstandsvorsitzende,2
wieder,22
angelegt,1
würden,13
sie,46
zweieinhalb,1
drei,13
us-raum,1
viereinhalb,1
jedem,2
weiteren,3
wir,29
portfolio,2
niedrigen,1
coupons,1
umschichten,1
steigen,3
kapitalerträge,1
aktionärsvertreterin,1
kritisiert,2
aktienrückkaufein,1
dickes,1
lob,1
gibt,16
es,103
daniela,2
bergdolt,4
schon,17
münchner,4
anwältin,1
vizepräsidentin,1
deutschen,10
schutzvereinigung,2
wertpapierbesitz,1
erklärte,7
zahlen,4
seien,21
super,1
allerdings,8
angekündigte,2
aktienrückkaufprogramm,2
:,96
denn,11
eigentlich,6
sollte,5
geld,9
unternehmen,6
stärkung,1
geschäfts,1
gehen,6
natürlich,2
aktionäre,1
könnten,10
freuen,1
aber,40
fast,6
armutszeugnis,1
deutsche,3
wertpapierbesitzmunich,1
rückkauf,1
eigener,2
aktien,2
höhe,6
einer,34
milliarde,5
angekündigt,3
zurückgekauften,1
sollen,12
eingezogen,1
damit,10
reduziert,3
zahl,10
handelbaren,1
anteile,1
macht,8
also,13
einzelne,2
aktie,2
wertvoller,1
solches,2
signalisiert,1
regel,1
finanzielle,1
stärke,3
gleichzeitig,1
verringert,1
dadurch,2
jedoch,2
eigenkapital,1
unternehmens,1
etwa,19
investitionen,1
neue,10
geschäftsfelder,2
verwendet,1
kann.warum,1
habe,11
keine,18
um,37
besser,9
gerüstet,1
fragt,1
möglicherweise,3
liegt,9
ja,5
daran,2
dass,60
konzern,1
vorsichtig,2
agiert,1
risikoscheuen,1
anteilseignern,1
seiner,3
stetigen,1
dividendenzahlungen,1
beliebt,1
abgelaufene,1
soll,19
ausschüttung,1
"11,60",1
je,5
darum,5
geht,9
’,1
s,1
sozialen,4
netzwerken,1
verbreiten,7
falschinformationen,5
verheerende,3
erdbeben,21
syrien,17
türkei,28
vor,60
allem,14
phänomene,2
lassen,6
beobachten,1
menschen,38
teilen,5
veraltete,1
bilder,2
videos,6
anderen,11
kontexten,1
falschbehauptungen,3
sei,19
haarp-technologie,1
künstlich,1
ausgelöst,3
worden,8
-,28
solchen,3
dazu,13
dienen,2
bestimmte,4
bevölkerungsgruppen,1
misskredit,1
bringen.faktenchecker,1
versuchen,3
gerüchten,1
gesicherten,1
informationen,5
online-guides,1
etwas,4
entgegenzusetzen,1
mehr,45
als,42
42.000,1
bisher,8
nach,57
offiziellen,2
angaben,11
gestorben,2
(,27
stand,3
16.02,1
),27
immer,20
noch,38
weiter,10
oben,4
korrigiert,1
wie,47
häufig,1
krisensituationen,1
diesmal,4
gerüchte,1
betroffenen,9
gebieten,3
ländern,7
hier,13
finden,5
alle,10
aktuellen,4
#,2
faktenfuchs-artikeldrei,1
typen,1
gerade,2
besonders,11
viel,8
doch,11
welche,6
seit,20
auffallen,2
?,19
monitoring,3
faktenfuchs-teams,1
hilfe,19
eines,10
tools,1
soziale,1
netzwerke,1
beobachtet,1
stechen,1
hervor,1
zeugen,1
schlimmsten,2
naturkatastrophe,7
who-europa-region,1
jahrhundert,2
sagte,15
belgische,1
who-regionaldirektor,3
europa,7
hans,2
kluge,2
pressekonferenz,1
kopenhagen,1
zur,22
who-region,1
53,1
länder,6
darunter,4
sowie,9
einige,8
zentralasiatische,1
länder.zum,1
artikel,14
spenden,9
syrienähnlich,1
äußerte,1
türkische,2
präsident,6
recep,1
tayyip,1
erdogan,2
letzte,4
jahrhundertkatastrophe,3
erinnerte,1
1939,1
kamen,7
erzincan,1
33.000,1
ums,6
leben,7
zwischenbilanz,1
schreckensbeim,1
beben,3
starben,1
allein,2
staatlichen,1
35.418,1
kommen,6
letzter,1
zählung,1
5.900,1
tote,3
syrischen,3
grenzgebiet.die,1
verletzten,2
gab,8
105.505,1
13.000,1
verletzte,2
derzeit,10
krankenhäusern,1
behandelt,1
47.000,1
gebäude,6
211.000,1
wohnungen,2
zerstört,7
stark,6
beschädigt,3
abgerissen,1
müssten.immer,1
überlebende,3
geborgendie,1
bergungsarbeiten,1
fortgesetzt,1
wenn,17
chancen,1
woche,6
trümmern,6
überleben,1
insbesondere,2
kalten,3
temperaturen,7
geringer,1
gleichwohl,1
vereinzelt,1
meldungen,2
über,40
bergung,2
lebender,1
verschütteter,1
provinz,4
adiyaman,1
lag,5
18-jähriger,1
mann,3
199,1
stunden,5
unter,18
schutt,1
;,2
dann,18
konnten,1
retter,4
ihn,3
am,51
dienstag,7
dramatischen,2
aktion,2
befreien,3
während,5
ihnen,5
zusammenfiel,1
200,2
wurde,18
lehrerin,1
hauses,1
antakya,1
gerettet,1
familien,2
schlafen,2
eisigen,2
straßen,5
un-kinderhilfswerk,2
unicef,6
betonte,1
unterdessen,4
verzweifelten,1
lage,5
kindern,2
deren,2
eltern,5
schliefen,1
straße,1
einkaufszentren,1
schulen,3
moscheen,1
busbahnhöfen,1
brücken,2
hielten,1
offenen,1
flächen,6
weil,9
angst,2
hause,1
unicef-sprecher,2
beißend,1
kalt,1
kinder,15
litten,1
unterkühlung,1
atemwegsinfektionen.dazu,1
kommt,4
großteil,3
wassersystems,2
region,9
funktionsfähig,1
system,3
erhöhen,1
risiko,4
verunreinigung,1
gesundheitsministerium,1
teilte,3
proben,1
dutzenden,1
stellen,4
kontaminationen,1
ergeben,2
mindestens,6
sieben,3
betroffen,11
laut,14
fürchte,1
tausend,1
6.,3
februar,2
lebten,1
zehn,7
vom,18
provinzen,1
"4,6",1
"2,5",3
james,1
elder,1
genf,2
er,34
verwies,1
steigende,1
todesopfern,1
endgültige,1
opferzahl,1
werde,8
unvorstellbar,1
bedarf,3
riesigdie,1
who,2
rief,1
umfassender,1
vielen,3
erdbebenopfer,3
riesig,1
wachse,1
jeder,3
stunde,4
26,1
beiden,4
bräuchten,1
humanitäre,1
unterstützung,5
zeit,6
internationale,1
gemeinschaft,1
dieselbe,1
großzügigkeit,1
zeigen,3
laufe,1
jahre,7
nationen,1
weltweit,5
gezeigt,2
land,10
beherberge,1
größte,1
flüchtlingsbevölkerung,1
erde.erleichterung,1
grenzöffnungen,1
herrscht,2
erleichterung,1
öffnung,2
grenzübergängen,2
un-generalsekretär,1
antónio,1
guterres,2
verschiedene,2
hilfsorganisationen,5
lobten,1
zwei,17
nordwest-syrien,1
entscheidung,1
präsidenten,2
bashar,1
al-assad,1
übergänge,1
bab,2
al-salam,1
al,1
ra'ee,1
zeitraum,1
zunächst,3
monaten,2
öffnen,2
ermögliche,1
lieferung,1
humanitärer,1
veröffentlichten,2
mitteilung.die,1
versorgung,2
anfang,1
vergangener,1
nahrungsmitteln,1
gesundheitsgütern,1
unterkünften,1
wintervorräten,1
lebensrettenden,1
gütern,1
äußerste,1
dringlichkeit.die,1
bevölkerung,9
assad-regime,1
kontrollierten,3
nordwesten,2
landes,4
un,1
bislang,4
hauptsächlich,1
grenze,8
gelegenen,1
übergang,1
al-hawa,1
versorgt,1
grundlage,2
dafür,8
resolution,1
un-sicherheitsrates,1
russland,1
enger,1
verbündeter,1
assad,1
2011,2
begonnenen,1
bürgerkrieg,1
hatte,7
gegen,10
ausweitung,1
mandats,1
stellung,1
bezogen.hilfsgüter,1
wert,7
"8,4",2
deutschland,26
stellte,1
türkisch-syrische,1
erdbebenregion,1
hilfsgüter,9
verfügung,5
belaufe,1
gesamtwert,1
hilfsmaterials,1
dabei,11
"6,9",1
bundesinnenministerium,1
katastrophengebiet,2
hilfsleistungen,1
"1,5",6
bereitgestellt,2
bundesinnenministerin,3
nancy,5
faeser,10
spd,7
dankte,1
rettungs-,1
bergungsteams,1
inzwischen,4
zurückgekehrt,1
haben,15
getan,1
retten,3
verschüttete,1
bergen,1
war,21
schwerer,1
gefährlicher,1
einsatz,7
dieser,12
katastrophe,5
arabischen,2
welt,8
not,2
obdachlosen,1
mildern,1
spendet,1
katar,2
unterkünfte,3
fußballweltmeisterschaft,1
behörden,15
golfstaates,1
teilten,1
10.000,1
mobile,1
gestellt,3
350,1
davon,7
wurden,15
katarischen,1
entwicklungsfonds,1
bereits,16
sonntag,2
verschifft,1
plante,1
eigenen,2
mobilen,1
waren,14
angeschafft,1
"1,4",1
fans,1
unterzubringen,1
weltmeisterschaft,1
ins,4
strömten,1
dienstagmorgen,1
landete,1
erster,2
hilfsflug,1
saudi-arabien,2
35,2
tonnen,1
lebensmitteln,1
bord,2
flughafen,1
aleppo,1
regierung,1
kontrolliert,1
wird,29
rahmen,1
öffentlichen,1
kampagne,1
50,2
dollar,6
aufgebracht,1
landeten,1
saudische,1
flugzeuge,1
ausschließlich,1
wobei,2
teil,7
verarmten,1
rebellen,1
syriens,1
gelangte,1
weitere,7
hilfsflüge,1
anderem,7
jordanien,1
ägypten,1
vereinigten,2
emiraten,1
erdbebengebiet,2
steigt,3
seuchengefahr,1
afp,1
ap,1
dpa,3
epd,1
selbst,9
nur,21
schutthaufen,1
sitz,1
katastrophenschutzbehörde,1
afad,1
südtürkischen,1
hatay,1
eingestürzt,2
sinnbild,1
zerstörung,3
geworden,1
taschen,1
erste,6
ragen,1
medienfotos,1
sehen,10
16.000,1
erdbeben-tote,1
verbringen,1
zweite,4
nacht,5
freien,2
schwersten,3
letzten,4
jahrzehnte,1
ausmaß,1
deutlicher,1
schockierend,1
tausende,2
8.100,1
39.000,1
verletzt,3
weltgesundheitsorganisation,1
23,2
folgen,10
bebens,1
sein.die,1
erdbebenregionen,1
mussten,1
folge,5
mittwoch,6
rettungskräfte,10
schwerem,1
gerät,1
tage,3
schwindet,1
hoffnung,2
strom,4
wasser,9
fehlt,2
bitterkaltviele,1
verzweifelt,1
abgelegenen,1
regionen,5
rufe,1
teilweise,3
fehlen,2
zufahrtswege,1
verschneit,1
bitterkalt,1
medien,3
mutmaßlichen,1
standorte,1
ihrer,2
liebsten,1
scheint,5
jemanden,1
kennen,1
begraben,1
50.000,3
–,19
läuft,1
großflächig,1
angelaufen,1
warten,1
betroffene,3
rettungsteams,1
schweren,3
offiziell,1
4.200,1
toten,3
18.000,1
wollen,7
organisationen,5
privatleute,1
bayern,14
helfen,7
humedica,3
kaufbeuren,1
schickt,2
erkundungsteamdie,1
kaufbeurer,1
hilfsorganisation,5
plant,2
nächsten,2
tagen,4
pressesprecher,2
dreiköpfiges,1
erkundungsteam,1
abfliegen,1
ort,18
sondieren,1
müsse,9
türkischen,1
abgestimmt,1
johannes,1
peter,3
br24-anfrage,1
mitteilte,2
dahin,1
team,1
vorbereitet,4
geprüft,2
können.die,1
seinen,7
1.200,2
such-,1
medizinische,1
teams,1
konten,1
organisationenerdbeben-gebiet,1
schneefälle,2
erschweren,2
rettungsaktionenallerdings,1
aktuell,2
niedrige,1
verschütteten,1
zusätzlich,2
sodass,1
steigenden,1
opferzahlen,1
gerechnet,1
muss,10
heißt,7
aktionsbündnis,1
hilft,3
neben,5
medizinischer,1
dringend,4
benötigt,1
daher,2
zelte,2
heizstrahler,1
decken,4
thermokleidung,1
grundnahrungsmittel,1
5.000,1
menschen.einige,1
bündnis,1
zufolge,6
leisten,1
soforthilfe,1
nothilfeteams,1
kommenden,6
gebiete,2
geschickt,2
million,2
akuten,3
soforthilfemaßnahmen,1
tätigen,1
bündnisorganisationen,1
willkommen.zum,1
spendensammlungen,1
unterfranken,2
laufen,1
anregensburger,1
will,13
sendendie,1
regensburger,1
space-eye,3
senden,1
wolle,1
man,28
örtlichen,1
zusammenarbeiten,1
website,1
vereins,1
eingeworben,1
benötigte,2
güter,1
beschafft,1
schlafsäcke,1
winterbekleidung,1
babynahrung,2
verbandsmaterial,1
können,21
direkt,3
abgegeben,1
sammelstellen,2
regensburg,3
weiden,1
parsberg,1
straubing.türkische,1
vereine,2
sammeln,2
hilfskampagneder,1
bund,6
türkischer,1
münchen,2
unterstützt,4
südosten,1
hilfskampagne,1
standorten,1
neuaubing,1
taufkirchen,1
eingerichtet,4
auskunft,2
sprecher,4
aykan,1
inan,1
geldspenden,2
warme,1
kleidung,2
gebraucht,1
wasserkocher,1
freitag,2
mehreren,1
lkw,1
südosttürkei,1
gebracht,1
werden.zum,1
oberbayern,2
erdbebenopfern,1
türkeigedenken,1
erdbeben-opfer,1
bayernzudem,1
ankündigungen,1
geplante,1
trauerzeremonien,1
gedenken,1
opfer,6
erdbebens,1
ditib-türkisch-islamische,1
gemeinde,4
trauerzeremonie,1
abhalten,1
treffen,1
trauernde,1
moschee,1
beten,1
gemeinsam,3
verstorbenen,1
feier,1
findet,4
zusammen,6
türkisch-islamischen,1
neutraubling,1
statt,4
beginn,3
17.30,1
uhr,1
teilnehmen,1
nicht-mitglieder.zum,1
bekommen,4
aller,4
thw,4
notstromaggregatenbundesinnenministerin,1
soforthilfen,1
technische,2
hilfswerk,3
kann,16
camps,1
notunterkünften,1
wasseraufbereitungs-einheiten,1
bereitstellen,1
berlin,4
hilfslieferungen,1
notstromaggregaten,1
zelten,2
bereitet,1
hinterließen,1
hohe,3
vorjahr,2
ersten,9
vorläufigen,1
berechnungen,1
rückversicherers,2
summe,5
gesamtschäden,1
2022,4
270,1
2021,8
320,1
trotzdem,2
entspannung,1
rede,2
klima-rückblick,1
niedrigwasser,1
ernteausfall,1
erderwärmung,3
nordamerika,3
betroffendie,1
teuerste,1
hurrikan,1
ian,1
usa,4
gesamtschaden,1
100,2
250,1
stundenkilometern,1
entwurzelte,1
gewaltige,1
tropische,1
wirbelsturm,3
ende,8
september,2
bäume,2
beschädigte,1
sorgte,1
überschwemmungen,6
blieb,1
einzige,3
traf,1
hinzu,1
wirbelstürme,3
starke,4
gewitter,2
schätzung,3
150,3
90,2
versichert,1
einmal,2
sturmtiefs,1
elliot,1
starken,3
schneefällen,1
eisstürmen,1
minustemperaturen,1
jahres,2
verlässliche,1
früh,2
verlief,1
waldbrandsaison,1
kalifornien,1
glimpflich,1
regenfällen,1
gingen,2
weniger,5
flammen,1
vorjahren,1
klimawandel,13
la,2
niña,2
hinterlassen,2
zunehmend,3
ihre,6
spurenbei,1
verweist,1
darauf,4
solch,1
stürme,3
erwarteten,1
passen,1
forschung,2
gehe,1
mehrheitlich,1
tropischen,2
steige,1
wohl,4
anteil,3
heftigen,3
niederschlägen,1
erklärt,2
chef-klimatologe,1
versicherungskonzerns,1
ernst,2
rauch,3
worten,1
wahrscheinlichkeit,1
wetterphänomen,1
gestiegen,3
wetterdienstes,1
phase,1
kalte,1
episode,1
bezeichnet,1
kühlen,1
oberen,3
wasserschichten,1
ostpazifiks,1
ungewöhnlich,1
ab,5
verstärke,1
tendenz,2
wetterextreme,1
fordere,1
tribut,1
fazit,3
allen,4
kontinenten,1
verletzlichkeit,1
unserer,1
gesellschaft,3
signifikant,1
gewachsen,3
leitet,1
bayerns,5
innenminister,5
herrmann,4
bericht,2
innenausschuss,1
eineinhalb,1
darüber,6
sprechen,1
kritische,5
infrastruktur,17
geschützt,3
klar,2
lebensbereiche,1
möglichen,4
angriff,3
besonderen,1
schutzes,1
ziel,2
angriffenzur,1
kritischen,5
bundesamt,3
bevölkerungsschutz,9
katastrophenhilfe,4
bbk,3
einrichtungen,1
erhebliche,1
bedeutung,1
staatliche,3
gemeinwesen,1
wasserversorger,1
energieunternehmen,1
krankenhäuser,3
ausfallen,1
würde,5
öffentliche,2
sicherheit,1
erheblich,1
stören,2
andere,6
dramatische,1
eintreten,2
realität,1
aussehen,1
vergangenheit,1
kommunikationsnetz,1
bahn,9
gesamten,1
zugverkehr,2
norddeutschland,1
mehrere,7
lahmgelegt,2
gaspipelines,1
nord,1
stream,1
1,1
2,5
hackerangriff,1
klinikum,1
fürth,1
lahmgelegt.80,1
kommunaler,1
privater,1
hand,2
thema,3
deswegen,3
krieg,3
ukraine,4
entstanden,1
sondern,11
gebe,6
länger,2
risiken,5
seitdem,1
müssen,8
gewappnet,2
kommunen,1
privaten,1
nämlich,1
80,4
staat,5
begrenzt,1
schutz,6
gewährleisten,1
was,12
bereich,2
cybersicherheit,1
angeht,1
2009,1
einheitliches,1
gesetz,2
eingeführt,1
darin,3
regeln,3
vorgeschrieben,1
physische,1
kritischer,5
hingegen,2
einheitlich,1
geregelt,1
lediglich,2
fachgesetze,1
vorgaben,2
bautechnischer,1
art,4
ändert,1
betreiber,3
infrastrukturschon,1
vergangene,1
innenministerkonferenz,1
eckpunkte,2
solche,3
bundesweite,3
regelung,1
vorgestellt,2
heute,4
bundeskabinett,3
vorschläge,1
sogenannte,3
kritis-dachgesetz,1
beschlossen,4
fünf,7
punkte,1
bundesregierung,4
genau,8
definieren,1
herauszufinden,1
hinaus,1
europäische,3
staaten,2
relevant,1
ist.der,1
regelmäßig,2
bewerten,1
unterstützen,3
eigene,4
bewertung,1
vorzunehmen,1
gefahren,2
beachtet,1
menschgemachte,1
bedrohungen,2
sabotage,1
natürliche,1
mindestvorgaben,1
erhalten,2
aufsichtsbehörden,1
kontrollieren,1
betriebliches,1
risiko-,1
krisenmanagement,2
einrichten,1
risikoanalysen,1
–bewertungen,1
durchführen,1
resilienzpläne,1
erstellen,1
personelle,1
maßnahmen,2
ergreifen,1
zäune,1
erreichten,2
vorfälle,1
gemeldet,2
ausgewertet,1
mögliche,3
schwachstellen,1
erkennen,3
übergreifenden,1
zuständigen,3
behörde,1
ausgebaut,2
hohem,1
schutzniveau,1
lobt,1
nun,12
betont,2
vorhaben,1
prüfen,2
könne,8
ausformulierten,1
gesetzentwurf,1
bereiche,1
freistaat,4
zuständig,1
sieht,8
regelmäßigen,1
austausch,1
innenministerium,1
handlungsleitfaden,1
erarbeitet,1
energiemangellage,1
vorzubereiten,1
außerdem,9
regelmäßige,1
übungen,2
durchgeführt,1
nehme,1
bundesweiten,1
krisenübung,1
lükex,1
notfallsituation,1
durchgespielt,1
wenigen,1
wochen,3
stattfinden,2
kommende,1
verschoben,2
opposition,2
handlungsbedarfdie,1
fordert,7
tut,2
hundertprozentigen,1
geben,3
schreibt,1
innenpolitische,2
afd-fraktion,1
richard,1
graupner,1
themenfelder,1
brachliegen,1
krisenfestigkeit,1
wann,1
besteht,1
ausfalls,1
schnell,2
funktionieren,2
brauche,4
vorsorge,1
fall,6
blackouts.der,1
innenpolitischer,1
fdp-fraktion,1
alexander,1
muthmann,1
führt,1
kommunikation,1
zwischen,8
akteuren,1
verbessert,1
bessere,1
ausstattung,1
hilfskräfte,2
katastrophenschutz,2
beteiligt,3
stefan,3
schuster,1
staatsregierung,2
tue,1
schützen,3
handlungsbedarf,1
sehe,2
notfall,1
flächendeckende,1
sirenensystem,1
fraktionsvorsitzende,1
grünen,6
katharina,1
schulze,2
stimmt,5
br,4
rande,1
innenausschusses,1
mir,1
ziemlich,1
gefehlt,1
ausfall,1
mitnehmen,1
gewarnt,2
krisenfähigkeit,1
aufgebaut,5
da,8
gute,1
warninfrastruktur,1
sirenen,4
zweiter,1
bundesweiter,2
warntag,5
morgen,2
stattmorgen,1
prüfstand,1
informiert,1
lautsprecher,2
warntafeln,1
sms,2
fand,1
fehlschlag,1
zahlreiche,3
spät,5
gar,8
städte,3
hatten,3
konsequenz,1
musste,2
chef,1
bundesamtes,2
posten,2
räumen,1
klappen,1
parteien,1
wissen,4
extreme,3
erde,8
uns,7
sofern,1
entschieden,1
bekämpfen,4
weit,1
bekannt,4
gruppe,1
forschenden,1
denen,3
johan,1
rockström,2
schellnhuber,1
aktuelle,1
vorherige,1
direktor,1
potsdam-instituts,1
klimafolgenforschung,1
pik,1
sagen,3
wirklich,8
verstanden,1
werden.damit,1
meinen,1
extremszenarien,1
erhöhung,1
globalen,1
durchschnittstemperatur,1
grad,8
studie,3
positionspapier,1
ähnelt,1
montagabend,1
renommierten,1
fachzeitschrift,1
proceedings,1
of,2
the,1
national,1
academy,1
sciences,1
pnas,1
veröffentlicht.unumkehrbare,1
unwahrscheinlich,2
fehle,1
verständnis,1
extremen,4
menschengemachten,1
schreiben,2
wissenschaftler,4
ihrem,5
unumkehrbare,1
potenziell,1
katastrophale,1
müssten,3
planung,2
handeln,4
einfließen,1
co-autor,1
rockström.daten,1
risikomanagement,2
erfassendie,1
forscher,2
schlagen,2
ernsthaft,3
unsere,3
forschungshorizonte,1
besten,2
erweitern,1
feld,1
abzudecken,1
daten,6
robuste,1
entscheidungen,1
fällen,2
argumentiert,1
wissenschaft,1
30,3
roten,1
faden,1
lernen,2
unser,1
planet,2
funktioniert,1
desto,1
grund,4
sorge,3
kipppunkte,1
näher,1
rücken,2
mensch,2
ausstößt,1
verstehe,1
anfälliger,1
schlüssel,1
berechnen,1
vermeiden,2
podcast,1
tipping,1
points,1
klimakrise,1
kein,8
zurückipcc-bericht,1
moderat,1
führen,1
berichte,2
weltklimarats,1
ipcc,2
hin,3
berichterstattung,3
temperaturanstieg,1
paläontologe,1
wolfgang,1
kießling,1
friedrich-alexander-universität,1
erlangen-nürnberg,1
weltklimabericht,1
mitgearbeitet,1
autoren,3
ipcc-bericht,1
moderaten,1
klimawandel-szenarien,1
beschäftigt,2
wo,7
lösungen,1
möglich,5
warum,2
wollte,2
katastrophenszenarien,1
politiker,3
öffentlichkeit,2
paralysieren,2
wachrütteln,3
notwendig,2
ohne,5
überdramatisierungpolitiker,1
papiers,1
schlimmstmöglichen,1
zwingen,1
ähnlich,5
idee,1
nuklearen,1
winter,4
80ern,1
besorgnis,1
geweckt,1
abrüstungsbemühungen,1
erzeugt,1
erforschung,1
schwerwiegender,1
höherer-temperatur-szenarien,1
erneutes,1
engagement,2
wenigsten,1
unschöne,1
option,1
zementieren,1
richtig,3
klimaforscher,3
harald,1
kunstmann,2
universität,1
augsburg,2
wehrt,1
dagegen,2
endgültigen,1
katastrophen,3
skizzieren,1
machen,8
zukommt,1
persönlich,1
einfach,5
okay,1
vorbei,2
brauchen,3
nichts,2
falsche,1
ansatz,1
.erwärmung,1
realistischman,1
skizzierten,1
soweit,4
grundsätzlich,1
erwärmung,2
beschäftigen,2
ausgburger,1
ebenfalls,1
einstellen,2
komme,1
linie,1
temperaturanstiegen,1
stehe,1
öffentlich,1
häufiger,1
mittelpunkt,1
erreichen,2
carl-friedrich,1
schleussner,1
humboldt-universität,1
untersuchungen,1
betrachten,1
offenbar,2
extremszenariendemnach,1
belegen,1
klimaforschung,1
fokussiere,1
risikoszenarien,1
vernachlässige,1
tat,1
gegenteil,1
großem,1
abstand,1
meisten,2
wissenschaftlichen,1
studien,1
untersuchen,1
klimafolgen,1
erwärmungsszenarien,1
todesopfer,2
4.300,1
nähmen,1
hitze,2
dürre,6
waldbrände,2
ehemals,2
warmen,2
heiße,1
heißen,1
hitzetage,1
chef-klimatologen,1
nachrichten,2
voll,3
entsprechenden,1
gestiegender,1
menschengemachte,1
geführt,1
jährlichen,1
mitteltemperaturen,1
weiten,2
europas,2
gegenüber,1
systematischen,1
aufzeichnungen,1
19.,2
jahrhunderts,2
pressemitteilung,1
hitzewellen,2
erwartethitzewellen,1
künftig,5
süden,2
beziffert,2
versicherer,1
halbjahr,3
12,1
vorjahreszeitraum,2
weisen,2
wetterexperten,1
konzerns,1
daraufhin,3
schadenssumme,4
womöglich,1
ließen,1
jetzigen,1
zeitpunkt,1
beziffern,1
effekte,1
produktionsausfälle,1
industrie,1
fehlendes,1
kühlwasser,1
landwirtschaft,1
trockenheit,2
ständen,1
später,2
fest,2
begründung,1
waldbrand,2
nahe,2
küps,1
landkreis,3
kronach,2
gelöscht,1
diesem,5
katastrophenfall,2
nachmittag,2
ausgerufen,1
aufgehoben,1
landratsamtes,1
anfrage,2
br24,5
mitgeteilt,2
einsatzkräfte,5
glutnester,1
sprechers,1
boden,1
aufgehackt,1
bespült,1
wachen,1
wind,2
feuer,4
neu,2
entfacht,1
brand,1
dienstagnachmittag,2
ausgebrochen,2
circa,1
hektar,2
fläche,2
schadenshöhe,1
polizei,8
verletztenam,1
300,2
ausrufung,1
katastrophenfalls,1
diente,1
einfacher,1
koordinieren,1
feuerwehrleuten,1
organisatorische,1
arbeit,1
abzunehmen,1
lesen,1
bedeutet,2
ungeklärter,1
ursache,1
küpser,1
gemeindeteilen,1
burkersdorf,1
emmersheim,1
entlang,2
kreisstraße,1
22,1
personen,2
brandenburg,3
sachsen,2
weiterhin,4
kritischwegen,1
anhaltenden,1
osten,2
deutschlands,2
waldbränden,1
äußerst,1
kritisch,2
außer,1
kontrolle,1
brannte,1
wald-,1
wiesenfläche,1
"8,5",1
quadratkilometern,1
fußballfelder,1
groß,4
potsdamer,1
michael,1
stübgen,1
cdu,2
machte,1
bild,4
situation,2
beim,4
nationalpark,1
sächsische,1
schweiz,1
löste,1
katastrophenalarm,1
aus.bei,1
rehfeld,1
brandenburger,1
elbe-elster-kreis,1
unweit,1
sächsischen,1
stemmten,1
450,1
850,1
großes,2
bereiteten,1
einsatzkräften,1
windböen,1
60,2
kilometer,3
pro,4
löschhubschrauber,1
bundeswehr,3
feuerwehren,2
luft,4
tödlichen,1
gletscherunglück,1
marmolata,2
norditalien,1
könnte,4
höchsten,2
berg,1
dolomiten,1
erneuter,1
abbruch,1
drohen,1
hüttenwirt,1
schlug,1
alarm,1
nachdem,4
lautes,1
grollen,1
hörte,1
autonome,1
trient,1
gebiet,3
video,4
ungefähr,1
meter,3
25,2
breite,1
spalte,1
pausenlos,1
überwachen,1
alpengletscher,2
schlimmes,1
istgebiet,1
gletscherabbruch,2
gesperrtdas,1
unglück,1
3.,2
juli,7
elf,1
wanderer,1
gesperrt,1
damals,1
gletscher,3
nordseite,1
massiver,1
brocken,1
abgebrochen,1
geröll,2
geschwindigkeit,2
kilometern,2
tal,1
gestürzt,1
erwischte,1
alpinisten,1
normalen,1
weg,8
unterwegs,2
riss,1
handelt,2
sechs,5
männer,1
frauen,1
italien,2
tschechische,1
bergsteiger,1
acht,3
frau,1
mittlerweile,3
beide,1
krankenhaus,1
verlassen,1
konnten.einfluss,1
klimawandelsexperten,1
führten,2
zurück,2
gegend,1
zuvor,1
wärmer,1
gewöhnlich,1
schmelzwasser,1
deshalb,13
abgang,1
begünstigt,3
weltklimarat,1
zählt,1
gletscher-,1
schneeschmelze,1
skandinavien,1
zentraleuropa,1
kaukasus,1
einschätzung,1
experten,5
masse,1
verlieren.auch,1
schmelzenin,1
hälfte,2
gletscherfläche,1
geschmolzen,1
bald,1
gletschern,1
übrig,1
restlichen,1
bedroht.zum,1
gefahr,2
gletscherschmelze,1
hochwasserkatastrophe,2
sommer,5
plan,1
extremlagen,1
innenministerin,1
präsentierte,1
papier,1
ralph,5
tiesler,8
kern,2
setzen,1
stärker,1
eingebunden,1
bevölkerungsschutztag,1
tatsächlich,3
üben,1
faeserdas,1
konzept,2
kabinett,1
umfasst,1
punkte.die,1
guten,1
vorsätze,1
politik,4
...,4
technisches,1
ausgestattet,1
personell,1
gehört,4
unterbringung,2
betreuung,1
evakuierten,1
geflüchteten,1
vertriebenen,2
trinkwasser,1
besonderer,1
gelegt,1
strom-,1
wasserversorgung,1
frühzeitig,1
warnen,4
krisenlagen,1
jede,3
minute,1
ankommt,1
behördenchef,1
kündigte,1
mithilfe,3
cell,1
broadcast,1
technologie,1
warnungen,1
textnachrichten,1
mobilfunktelefone,1
schicken,1
werben,1
möglichst,2
bürger,1
nina-warnapp,1
ihren,6
smartphones,2
installieren,1
8.,1
dezember,2
anders,4
bayerischen,1
probealarm,1
mai,1
hören,2
bittere,1
erkenntnis,1
funktionierendes,1
flächendeckendes,1
warnsystem,1
haben.,1
effizienter,1
handelnin,1
gemeinsamen,1
kompetenzzentrum,1
zusammenarbeit,1
koordiniert,2
zeltstädten,1
ehrenamtliche,1
gestärkt,1
flutkatastrophe,6
rheinland-pfalz,8
nordrhein-westfalen,5
helfer,7
spontan,1
koordination,1
kritik,1
gegeben,1
bayerische,4
rote,4
kreuz,5
brk,7
regional,2
angepasste,1
ausrüstung,2
katastrophenfälle,2
starkregen-,1
hochwasserereignisse,1
kurz,2
ahrtal,2
teile,3
schwer,4
getroffen,2
bundesamts,2
nachbarschaftshilfe,2
warnt,2
davor,1
manche,4
bedrohung,3
unwetterkatastrophen,2
flutkatastrophen,2
besiedelt,1
sollten.brk,1
allradfahrzeuge,2
flachland,1
alpinen,2
bereichbisher,1
fahrzeuge,2
ebene,2
bundes,2
investiert,2
gleichmäßig,1
gerecht,1
verteilt,1
brk-präsidentin,2
angelika,1
schorer,3
presse-agentur,1
nicht-alpinen,1
bereichen,1
vorgehalten,1
wiederum,1
regionale,2
faktoren,2
größere,1
rolle,3
spielen,2
wichtig,2
ob,10
chemie-betriebe,1
flughäfen,1
großen,1
andrang,1
touristen,1
entsprechend,1
schutzziele,1
jeweiligen,2
ausrüstungen,1
angepasst,1
werden.rotes,1
appelliert,1
zentrale,2
lager,2
investierenauch,1
freistaats,1
verbesserungsbedarf,1
krieges,2
corona-pandemie,2
anfänglichen,1
engpässen,1
masken,1
handschuhen,1
zentrallager,1
seine,4
kreisverbände,1
besiedelbar,2
hintergrund,2
jährenden,1
hält,3
extremer,2
wetterereignisse,2
bevölkerungsschützer,1
sage,1
wiederbesiedelt,1
sollten,1
küsten,1
stellt,5
frage,2
zeitungen,1
funke-mediengruppe,1
keinen,3
landstrich,1
hingeguckt,1
müsse.zum,1
starkregen,2
ukraine-krieg,1
plädierte,2
neues,2
krisenbewusstsein,1
krisenmodus,1
allgemeinen,2
bewusstsein,1
dazugehören,1
krise,4
alltag,1
katastrophenhilfetiesler,1
sorgt,1
nachbarn,1
unfallort,1
meist,2
nachbarn.bevölkerungsschützer,1
nachbarschaftshilfedie,1
hilfsbereitschaft,1
gelte,1
gutes,2
diesen,4
zusammenhalt,1
nähe,1
lebt,1
richteten,1
unwetter,3
14.,1
15.,2
große,4
zerstörungen,1
häuser,5
weite,1
180,1
starben.bundesinnenministerin,1
anlässlich,1
jahrestages,1
äußern.mit,1
material,2
kna,1
konflikte,1
innerhalb,2
ihres,1
flucht,3
getrieben,1
internal,1
displacement,1
centre,1
idmc,2
norwegische,1
flüchtlingshilfe,1
nrc,2
zählen,1
jahresbericht,1
"59,1",1
binnenflüchtlinge,1
erwarten,1
ukraine-kriegs,1
deutlichen,1
anstieg.aktuelle,1
russland-ukraine-krieg,1
news-tickermenschen,1
äthiopien,4
leiden,4
konflikten,1
subsahara-afrika,1
binnenvertreibungen,1
höchste,1
jemals,1
einzelnes,1
verzeichnet,1
leidet,1
schwelenden,1
militärischen,1
konflikt,1
nördliche,1
tigray,1
mangel,1
nahrung,3
medikamenten,2
jahresbeginn,1
alleine,1
äthiopischen,1
afar,2
330.000,1
versucht,1
versorgen,1
baut,1
flüchtlingsunterkünften,1
latrinen,1
unterernährungsraten,1
hoch,4
reagieren,1
nahrungslieferungen,1
ernährungsdiensten,1
michele,1
servadei,1
oxfam,4
mitschuld,2
ernährungskrise,2
internationalen,3
ostafrika,2
hungern,1
mangelt,1
politischem,1
mut,1
geschäftsführerin,1
international,1
gabriela,1
bucher,1
kenia,1
somalia,1
extremem,1
hunger,2
48,1
sekunden,1
stirbt,1
unterernährung,1
reagierte,1
kritisierte,1
führende,1
trotz,2
vieler,1
alarmsignale,1
verhalten,1
reagiert,2
zugleich,1
schnellen,1
umfassenden,1
reaktionen,1
pandemie,3
staatengemeinschaft,1
erfolgreich,2
ressourcen,2
mobilisieren,1
leid,1
mindern,1
festen,1
willen,1
bucher.asien,1
höchstzahlen,1
demokratischen,1
republik,1
kongo,1
afghanistan,1
myanmar,1
nordafrika,1
verzeichneten,2
niedrigsten,1
werte,1
vertreibungen,1
gesamtzahl,1
libyen,1
irak,1
binnenvertriebenen,2
china,1
philippinen,1
indien.zum,1
indien,1
exportiert,1
sofort,1
weizen,1
mehrimmer,1
binnenvertriebene,1
angegebene,1
zweithöchste,1
jahrzehnt,1
bisherige,2
höchststand,1
demnach,3
2020,2
erreicht,1
nie,1
schlecht,1
generalsekretär,1
jan,1
egeland,1
bricht,1
düster,1
warnte,3
direktorin,2
alexandra,1
bilak,1
blick,1
monate,4
einmarsch,1
russlands,1
nachbarland,1
un-angaben,1
eingeschleppte,1
pflanze,5
ambrosia,9
allergiker,3
breitet,1
beifußblättrige,1
traubenkraut,1
pollen,7
aggressiv,1
klein,1
dringen,1
tief,1
lunge,1
pollenkörner,1
produzieren,2
schwere,1
allergien,8
verstopfter,1
nase,1
niesanfällen,1
tränenden,1
augen,2
asthma-anfällen,1
schrecken,1
ambrosia-bestände,1
wachsen,2
weiterder,1
biologe,2
nawrath,3
sorgen,1
begreifen,1
ausgeht,1
chance,1
bestehe,1
bestände,5
unkontrollierten,1
ausbreitung,2
griff,1
mission,1
siegeszug,1
stoppen,1
auftrag,2
freistaates,1
fährt,1
mal,5
quer,1
durchs,2
bundesland,1
blütezeit,1
straßenrändern,1
äckern,1
ausschau,1
pflanzen,4
entdeckt,1
bittet,1
eigentümer,3
stadt,2
vernichten,1
verpflichtet,2
herbst,3
überprüft,1
sind.eigentümer,1
entfernen,1
nichtgerade,1
alzenau,1
unterfränkischen,1
aschaffenburg,1
dort,6
frühjahr,2
rand,1
maisfeldes,1
ambrosien,1
gesichtet,1
suchen,2
entfernt,2
stattdessen,1
größe,1
"1,20",1
metern,2
hundert,2
samen,2
gebildet,1
nächstes,2
stehen,7
frustriert,1
sache,1
halben,1
beständen,1
500,1
ihm,1
steigend,1
wünscht,1
gefundene,1
vernichten.klimawandel,1
ambrosiadoch,1
geschweige,1
zumindest,2
dachte,1
trocken-warmen,1
eingeschleppt,1
klima,1
etabliert,1
wohlfühlt,1
überall,1
pollen.wie,1
zusetzen,1
weiß,1
claudia,4
traidl-hoffmann,5
umweltmedizin,1
universitätsklinikum,1
ihr,5
40,1
form,1
allergie,1
volkskrankheit,1
nummer,1
eins,1
allergologin,1
benötigten,1
medikamente,2
arbeitsausfälle,1
verursachen,2
eu,11
jedes,2
traidl-hoffmann.klimawandel,1
allergiendass,1
abschmelzenden,1
polkappen,1
unwettern,2
verschärft,1
überzeugt,1
mitte,3
buch,1
erschienen,1
titel,1
überhitzt,1
gesundheit,1
galt,1
gilt,3
fliegen,2
früher,2
patienten,1
januar,2
heuschnupfen,1
durchatmen,1
beginnt,2
pollensaison,1
birke,1
esche,1
dauert,2
hinein,2
multiplen,1
leidenszeit,1
verlängert,2
—,1
vergleich,1
jahrzehnten,2
milderen,1
wärmeren,2
frühjahre,1
trockeneren,1
wintern,1
2006/,1
2007,2
blühte,1
haselnussstrauch,1
ganze,4
sonst,1
co2,2
aggressiverdoch,1
wichtige,3
menge,2
aggressivität,2
nimmt,3
wirkt,1
dopingmittel,1
kohlendioxidkonzentration,1
verstärkt,2
fotosynthese,1
blätter,1
blüten,1
größer,1
schadstoffe,1
aggressiver,1
massiven,1
anstieg,1
aus.umweltmedizinerin,1
strategien,2
kampf,2
wichtigsten,1
abzumildern,1
allergie-auslösenden,1
reduzieren,1
dürften,1
auslösen,1
gepflanzt,1
birken,1
haselnusssträucher,1
stünden,1
parks,1
freizeitanlagen,1
pflicht,1
bewusster,1
bepflanzung,1
verantwortung,1
übernehmen,3
starkes,1
japans,1
hauptstadt,2
tokio,2
erschüttert,1
"6,1.",1
schäden.nach,1
vorübergehend,2
eingeschränktdie,1
bewohner,1
nachbeben,1
erdstoß,1
erschütterte,1
umliegenden,2
betrieb,1
hochgeschwindigkeitszügen,1
unterbrochen,2
asiatische,1
inselreich,1
japan,3
stärksten,1
erdbebengefährdeten,1
knapp,3
gedauert,1
tonnenweise,1
starkregen-nacht,1
17.,1
18.,1
verwüstete,1
stück,2
genauer,1
gutachten,4
erstellt,1
pläne,1
gemacht,2
sicher,4
ammoniak-fernleitung,1
kälteversorgung,1
stromversorgung,3
erneuert,1
bahnschale,1
betonbauteilen,1
startgebäude,1
abschnitt,3
komplett,1
landratsamt,1
berchtesgadener,1
träger,1
mit.wiederaufbau,1
kostet,1
schätzungsweise,1
eurogleichzeitig,1
sportverband,1
bob-,4
rennrodelsport,2
weitergeht,1
kunsteisbahn,1
königssee,5
bedeutende,1
kaderschmiede,1
deutscher,1
profiathleten,1
sportförderungsstätte,1
rodel-verbandschef,1
thomas,2
schwab,3
sprach,1
br-,1
interview,1
wiederaufbau,8
voraussichtlich,2
kosten,4
unterer,1
bahnabschnitt,1
2022/23,1
sanierung,1
standardverfahren,1
genehmigungen,1
ausschreibungen,1
ablaufen,1
bauarbeiten,1
2023,2
starten,1
„,5
wäre,3
tot,1
“,5
visiert,1
verband,1
zweiteiligen,1
unteren,1
rodeldamenstart,1
schneller,5
wiedereröffnen,1
mein,3
eis,1
nachwuchs,2
durchkämpfendoch,1
rodelsport,1
olympischen,1
winterspielen,1
profis,1
problem,2
profi-rennrodler,1
felix,1
loch,1
nationalmannschaften,1
trainierten,1
verschiedensten,1
bahnen,1
schlimmer,1
nachwuchs-sportler,1
trifft,2
doppelt,2
hart,1
vergangenes,1
corona,1
kaum,3
training,2
ortsbesuch,1
zerstörten,1
hausbahn,1
momentan,1
jugendlichen,1
trainingsmöglichkeiten,1
mich,1
extrem,1
traurig,1
hoffe,1
dabeibleiben,1
durchkämpfen,1
loch.aufbau,1
gesichert,1
wer,3
bezahlt,2
irgendwann,1
spitzensportler,1
trainieren,1
scheinbar,1
zweifel,1
hangrutsch,1
minister,1
csu-bundestagsabgeordnete,2
ramsauer,1
ausgesprochen,1
geschehen,1
unklar,2
umweltrisiko,1
ammoniak-kühlung,1
erdrutsch,1
massiv,1
nachträglich,1
erweitert,2
obwohl,1
entsprechende,1
geologische,1
bescheinigt,1
froh,1
ammoniak,1
gelaufen,1
hätte,2
see,1
biologisch,1
abgetötet,1
fraktionssprecher,1
kreistag,2
bartl,2
wimmer,2
ammoniak-leitung,1
kühlung,1
nötig,1
enorm,1
wasserrechtlichen,1
sicherheitsvorkehrungen,1
dreifach,1
bedingt,1
zustimmen,1
neuaufbau,1
paar,1
ganz,2
klare,1
bedingungen,4
wesentliche,1
bedingung,2
glaubhaftes,1
geologisches,1
begleiten,1
bobbahn,1
finanziellen,1
verpflichtungen,1
kommune,1
spd-fraktion,1
möchte,2
vorab,1
konkrete,3
festlegen,1
csu-fraktion,1
aussage,2
sobald,1
vorliegen,1
diskutieren,1
abstimmen,1
regenfälle,2
dauerregen,1
benelux-staaten,1
hochwasser,8
zusammenhang,1
47,1
133,1
nachbarländer,1
belgien,3
niederlande,1
starkregenfällen,1
forderte,2
mehre,1
dutzend,1
menschenleben,2
hinterließ,1
zahlreichen,2
gemeinden,1
dauern,1
fonds,1
wiederaufbauhilfe,1
umfassen,1
ministerpräsident,2
nordrhein-westfalens,1
armin,1
laschet,1
bezeichnete,1
andererseits,1
klimaforscherinnen,1
wissenschaftlerinnen,1
antwort,1
präsentieren,1
24.,1
august,3
forscherteam,1
world,1
weather,1
attribution,1
klären,1
inwiefern,1
jüngsten,2
westeuropa,1
gespielt,1
zusammenhänge,1
extremwetter,2
mittwochabend,1
greifen,1
schließlich,2
schließt,1
landesjugendamt,2
familienzentrum,3
aloisius-grundschule,3
bad,1
neuenahr-ahrweiler,1
zuständige,2
schlechten,1
öliger,1
schlamm,3
fluren,1
funktionierenden,1
toiletten,1
gesamte,2
schule,3
lagerraum,1
genutzt,2
bekannte,1
betreut,4
wochenende,2
angereiste,2
freiwillige,2
aufgehalten,1
krisenstab,1
kinderbetreuung,4
sortiert,1
aufräumarbeiten,3
organisiert,1
sprachaufnahmen,1
usern,1
zugeschickt,1
narrativ,2
krisengebieten,1
einzigen,1
echte,1
leisteten,1
gewünscht,1
vermeintlichen,2
staatsversagens,1
weggeschickt,1
einzelfall,1
passiert,2
lässt,4
überprüfen,2
flutgebieten,1
ständig,1
sicherlich,1
fälle,1
genug,2
freiwilligen,1
vorgehen,2
tun,3
zwecke,1
benutzen,1
entgegen,1
wiederholten,1
bitten,2
reisen,1
faust,2
hochwassergebiete,1
desinformationen,2
wen,1
allmählich,1
heraus,2
aloisius-schule,2
gemischt,1
corona-leugner,1
verschwörungstheoretiker,1
volksverhetzung,2
verurteilter,2
rechter,1
videoblogger.wer,1
steckt,1
hinter,1
betreuen,1
mitgliedern,1
initiative,2
betrieben,1
anderer,1
stelle,1
berichtet,1
lang,1
bestätigt,1
sprecherin,2
landesjugendamtes,3
verein,1
spricht,1
corona-maßnahmen,1
steht,1
ruf,1
querdenkern,2
nahezustehen,1
homepage,1
impfung,1
virus,1
medizinisches,1
experiment,1
rheinland-pfälzische,1
familienministerium,1
twitter,2
hingewiesen,1
einsatzleitung,1
abgestimmtes,1
angebot,1
schließung,1
zentrums,2
hinarbeite.auch,1
videoblogger,2
schuledoch,1
rechte,2
nikolai,1
nerling,6
telegram,2
volkslehrer,3
auftritt,1
sendet,1
montag,1
updates,1
ahrweiler,2
landgericht,1
geldstrafe,1
verurteilt,1
wiederholt,1
stimmung,1
zeigt,1
zurückgelassen,1
situationen,1
ecke,1
vermeintlich,1
fehlenden,1
hilfeleistung,1
abgewinnen,1
großartig,1
endlich,1
selbstverantwortung,1
ganzen,1
brd-organisationen,1
brd-strukturen,1
schlechte,1
falschinformationenfür,1
querdenken-nahen,1
gruppen,3
zuparken,1
genehmigung,1
aufgaben,1
fuhr,1
friedenswagen,1
polizeiauto,1
einigen,1
querdenken-demos,1
auto,1
verkündeten,1
fahrer,1
flutgebiet,1
anzahl,1
koblenz,2
genötigt,1
behauptung,1
richtigzustellen,1
ununterbrochen,1
!,2
twittert,2
bindet,1
ohnehin,1
knappe,1
wisse,1
rechtsextremisten,2
'kümmerer,1
',1
ausgeben,1
tweet,1
solange,1
geltendes,1
verstoßen,1
wenig,3
querdenker,2
aufhalten,1
donnerstagabend,1
bestätigen,1
kinderzentrum,1
geräumt,1
paypal,1
gesammelt,1
rufen,1
ernannten,1
postet,1
mehrfach,1
kontonummer,1
hingeht,1
hilfsmaßnahmen,2
zugutekommt,1
bodo,1
schiffmann,3
arzt,1
aufgefallen,1
analyse,2
centers,1
strategie,1
cemas,2
aktiver,1
verbreitet,1
akteure,1
wollten,2
paypal-account,1
sammelt,1
ausland,2
vermutet,1
700.000,1
binnen,1
eingegangen,1
hochwasseropfer,1
verspricht,1
seinem,2
kanal,1
weist,2
eingesetzt,1
herbert,1
reul,2
nrw,1
versuchten,1
bereichern,1
hilfeleistungen,1
suchten,2
anschluss,1
instrumentalisierung,1
erwartbar,2
verbreitung,2
verschwörungstheorien,1
versuch,1
vereinnahmung,1
fluthilfe,1
überrascht,1
parallelstrukturen,1
indoktrination,1
imageaufbesserung,1
verschiedenen,1
disziplinen,1
verschwörungsideologien,1
antisemitismus,1
rechtsextremismus,1
forschen,1
cemas-geschäftsführerin,1
pia,1
lamberty,1
desinformation,1
verschwörungsideologische,1
mobilisierungen,1
vorneherein,1
mitdenken,1
entwickeln.auch,1
verschwörungstheorie-experte,1
physiker,1
holm,1
hümmler,3
verwundert,1
letztem,1
diskutierten,1
weitergehe,1
themen,2
zuhause,1
gespräch,1
br24.der,1
harte,1
querdenker-bewegung,1
identisch,1
verschwörungsgläubigen,1
verschwörungsglauben,1
bearbeiten,1
verschwörungsmythos,1
glauben,2
glaubenssysteme,1
verschiedenes,1
einbezogen,1
widerspruchsfrei,1
helfenden,1
initiativen,1
fühlen,2
derweil,2
falsch,1
wiedergegeben,1
telegram-kanal,1
stellungnahme,1
erweist,1
unfähig,1
schnellst,1
krisenintervention,1
bereitzustellen,1
währenddessen,1
politischen,1
gründen,1
abgelehnt,1
kommentiert,1
manchen,1
vorgeworfen,1
instrumentalisieren,1
schildert,1
hanebüchener,1
darstellen,1
nothilfe,1
feinsten,1
zusammenzuarbeiten,1
behördliche,1
befolgen,1
bezug,1
qualifiziertem,1
personal,1
detlef,1
placzek,1
swr,1
immerhin,1
umgesetzt,1
kreisverwaltung,1
katholischen,1
familienbildungsstätte,1
teilt,1
kindgerecht,1
ausgestatteten,1
räumlichkeiten,1
pädagogischen,1
fachkräften,1
zentralchinesischen,1
millionenmetropole,1
zhengzhou,3
massive,1
verursacht,1
mitteilten,1
befürchtet,1
henan,1
rettung,1
oberste,1
priorität,1
chinas,1
xi,1
jinping,1
staatsmedien,2
zitiert.menschen,1
zügen,2
tunneln,2
eingeschlossenauf,1
mehrspurige,1
reißende,2
flüsse,2
verwandelten,1
autos,3
schwammen,1
fluten,2
wasser-,1
vielerorts,1
verkehr,1
überschwemmten,2
u-bahn,1
hunderte,1
zeitweise,1
eingeschlossen,1
augenzeugen,1
berichteten,1
teils,1
schultern,1
rettungsdienste,1
steckten,1
arbeitsplätzen,1
fest.heftiger,1
regen,1
verwandelte,1
ströme,1
u-bahnstationen,1
überflutet,1
internet,1
machten,1
runde,1
viertel,1
hüfthohem,1
zeigten,1
trieben,1
frisch,1
bleibt,2
schock,1
verdauen,1
dreck,1
nehmen,3
kontakt,1
versicherungen,1
gegenseitig.die,1
millionenhöhe,2
finanzminister,1
olaf,1
scholz,1
hilfen,8
bringen,1
gelder,6
söder,1
angekündigt.zum,1
hochwasser-schäden,1
beschließt,1
soforthilfengibt,1
kommentarspalten,1
wünschen,1
schauen,1
richtung,1
brüssel,5
fragen,1
exemplarisch,1
kommentar,1
br24-artikel,1
gibts,1
&,1
hilfsgelder,1
vorderster,1
front,1
verteilen,1
‼,1
bin,1
gespannt,1
jemand,1
glaub,1
frommer,1
wunsch,1
.....,1
eu-solidarfonds,4
ausbezahlt2002,1
solidarity,1
fund,1
reaktion,1
2002,3
österreich,1
tschechien,1
union,1
überblick,1
ausgezahlten,1
2019,3
herausgegeben,1
solidarfonds,3
24,1
finanziell,1
geholfen,1
geldern,1
verteilt.deutschland,1
bekam,3
zweitmeisten,1
solidarfondsallein,1
ging,1
bundesrepublik,2
flut,1
sturm,1
kyrill,1
hochwassern,1
2013,1
2016.,1
größten,1
topf,2
vulkanausbrüchen,1
rom,1
"2,8",1
solidarfonds.an,1
platz,1
gefolgt,1
frankreich,1
253,1
großbritannien,1
223,1
bewegen,1
zweistelligen,1
millionen-bereich,1
eu-länder,1
dänemark,1
luxemburg,1
erhalten.wer,1
beantragen,2
verhandlung,1
aufnahme,1
befinden,2
unterlagen,1
spätestens,1
zwölf,1
eingehen.der,1
schaden,3
übersteigen,1
ausbezahlt,4
unterscheidet,1
major,1
disasters,2
hat.hilfen,1
grenzwertedie,1
größeren,1
"0,6",2
bruttonationaleinkommens,1
"3,59",3
basis,1
festgelegte,1
heutigen,1
inflationsbereinigten,1
welcher,1
niedriger,1
letztere,1
berechtigt,1
antrag,2
stellen.für,1
referenzwert,1
bruttoinlandseinkommens,1
"4,1",1
oberfranken,1
millionen.wie,1
orientiert,1
grenzwerten,1
übernommen,2
grenzwert,1
6,1
zahlenbeispiel,1
"89,6",1
"84,9",1
gesamtsumme,1
"174,5",1
betragen.hochwasser,1
beantragtdie,1
eu-kommission,1
prüft,1
anträge,1
schlägt,1
europäischen,3
parlament,1
rat,1
gremien,1
genehmigt,1
anschließend,1
umsetzung,1
zuständig.noch,1
diesjährige,1
beantragt,1
auszugehen,1
dies,1
passieren,1
anträgen,1
bürokratischer,1
aufwand,1
verbunden,2
eingereicht.der,1
vorwurf,1
zu.katastrophenschutz,1
deutsch-russische,1
projekt,1
icarus,2
10.,1
tierbeobachtung,1
weltall,1
beginnen,1
belüftung,1
notwendigen,1
computers,1
funktionierte,1
probleme,2
kondensator,1
computer,1
bauteil,1
ausgewechselt,1
abschluss,1
testphase,1
wissenschaftlern,1
stehen.tiere,1
minisendern,1
rückenzentraler,1
bestandteil,1
forschungsprojekts,1
antenne,1
raumstation,1
iss,2
empfängt,1
positionsdaten,1
tieren,1
minisender,1
tragen,1
vögel,2
sender,2
winzigen,1
rucksack,1
geschnallt,1
hinweg,1
fliegt,1
erwacht,1
energiesparmodus,1
position,1
ein-,1
viermal,1
tag,1
gesammelten,1
bewegungsprofil,1
tieresantenne,1
raumstationam,1
2018,1
montierten,1
kosmonauten,1
oleg,1
artemjew,1
sergej,1
prokopjew,1
mast,1
samt,1
icarus-antenne,1
außenhülle,1
russischen,1
iss-moduls,1
notwendige,1
außeneinsatz,1
dauerte,1
montage,1
testbetrieb.bekannte,1
routen,1
vögeldas,1
wohin,1
zugvögel,2
nutzen,2
manchmal,1
zurückkehren,1
verbracht,1
senderdaten,1
bevorzugten,1
rastplätze,1
anregen,1
schutzgebiete,1
einzurichten,1
edrs-c,5
startete,1
ariane-5-rakete,1
weltraumbahnhof,1
kourou,1
französisch-guyana,1
kommunikationssatellit,1
knotenpunkt,1
edrs-a,3
satelliten,5
european,1
data,1
relay,1
satellite,1
edrs-netzwerk,3
weltraum,1
36.000,1
umlaufbahn,2
erdoberfläche,1
kreisen,1
kommunizieren,1
vernetzte,1
satellitenkommunikation,2
verteilerknoten,1
29.,1
2016,1
all,5
kommuniziert,1
sentinel-satelliten,1
eu-erdbeobachtungsprogramms,1
copernicus,1
lieferte,1
täglich,1
dlr,2
zentrum,1
luft-,2
raumfahrt,2
23.000,1
intersatellite-links,1
gesendet,1
zweiten,3
übermittlung,1
verdoppelt,2
datenübertragung,4
sicherer.edrs-c,1
beschleunigt,1
erdbeobachtungssatelliten,1
minuten,1
satellit,2
sichtfeld,1
bodenstation,1
übermittelt,1
zeitfenster,1
vernetzten,1
edrs-stationen,1
übermittler,1
"1,8",2
gigabit,2
sekunde,2
übermitteln,1
präzise,1
erdbeobachtungen,1
kommunikationsnetzwerk,1
lasertechnologie,1
optisch,1
vernetzt,1
bandbreite,1
übertragen,1
liefert,1
exakteres,1
unseren,1
planeten,1
umwelt,1
kurzer,1
flächenbrände,1
geortet,1
rettende,1
einzuleiten,1
weiterentwicklung,1
edrs-netzwerks,1
weltraumorganisation,1
esa,1
partnerschaft,1
airbus,1
schnellere,1
datenautobahn,1
schaffen,2
programm,2
235,1
edrs-c-satellit,1
entworfen,2
gebaut,1
getestet,1
entwicklung,2
laserkommunikations-technologie,1
gearbeitet,1
datenrate,1
"3,6",1
entfernung,1
edrs-systems,1
40.0000,1
geplant,1
dritter,1
erfasst,1
28.,1
bebte,1
mehrmals,1
heftig,1
palu,3
indonesischen,1
zentralsulawesi,1
erdstöße,1
erreichte,1
"7,5.",1
entstand,1
tsunami,4
dessen,1
wellen,2
vulkanausbruchnach,1
kam,1
oktober,1
600,1
luftlinie,1
vulkanausbruch,2
vulkan,1
soputan,1
nordosten,1
insel,1
sulawesi,1
schoss,1
asche,1
4.000,1
naturgewalten,1
1.500,1
vulkanausbruchs,1
erdrutschen,1
hagel,1
sintflutartigem,1
platzregen,1
gezielter,1
piloteinheit,2
beine,1
schnell-einsatz-gruppe,1
g.i.l.t,1
gelände,2
logistik,1
transport,1
sicherstellen,1
einsatzort,2
spezialisten-einheit,1
brk-projektleiter,2
uwe,2
kippnich,2
konkurrenz,1
technischen,1
feuerwehr,1
sein.anpassung,1
veränderten,2
wetterverhältnissemit,1
spezial-einheit,1
wetterverhältnisse,1
wetterphänomene,1
kürnach,1
schneise,1
verwüstung,1
völlig,1
herausforderungen,1
tornados,1
undenkbar,1
kippnich.geländegängiger,1
fuhrparkzur,1
stationierten,1
amphibienfahrzeug,1
gelände-krankenwagen,1
geländegängige,1
lastwagen,1
quad,1
drohnen,1
arbeiten,1
eingebundenen,1
kräfte,1
blockieren,1
binden,1
entstehen,2
zusätzlichen,1
anschaffungskosten,1
knippich,1
taktisches,1
zusammenführen,1
bestehenden,1
fahrzeugen,1
.kooperation,1
dlrdamit,1
hilflosen,1
person,1
erkunden,1
geländes,1
unkompliziert,1
dorthin,1
frei,2
arbeitet,1
dlr-wissenschaftler,1
gezielt,1
satelliten-,1
luftgestützten,1
verkehrsfluss,1
effektiver,1
geleitet,1
gegenseitig,1
b5,2
wirtschaft,2
nachhören,1
abo,1
schlagwort,1
tippen,1
liste,1
dazufügen,1
wintersturm,1
friederike,1
verursachten,1
umgerechnet,1
28,1
halb,1
niedrigste,1
2005,1
halbjährlichen,1
naturkatastrophenbericht,1
ausführt,1
versichert.weniger,1
naturkatastrophenauch,1
beklagen,2
früheren,1
3.000,1
guatemala,1
torsten,1
jeworrek,1
zufallsbedingt,1
sturzfluten,1
anstrengung,2
hintergründe,1
verstehen,2
vorzubeugen,1
jeworrek.heftige,1
jahreshälftebei,1
heftigeren,1
jahreshälfte,1
hurrikan-saison,1
karibik,1
abschätzen,1
landwirte,1
anhaltende,1
ausfälle,1
ernte,1
überflutungen,1
erdrutsche,1
treiben,1
traten,1
ufer,1
zehntausende,1
deiche,1
gebrochen,1
flüssen,1
schwimmen,1
zerstörter,1
30.000,1
evakuierungszentren,1
untergebracht,1
dauereinsatzzahlreiche,1
dächer,1
geflüchtet,1
hubschraubern,1
booten,1
flutopfern,1
ausharren,1
zugangsstraßen,1
weggespült,1
besseren,1
feuersbrünsten,1
tsunamis,1
hilfs-,1
opferbereitschaft,1
heldengeschichten,1
geschrieben,1
selbstlosigkeit,1
überlebenswille,1
rücksichtslosigkeit,1
egoismus,1
aberglaube,1
heinrich,2
kleists,1
berühmter,1
novelle,1
chili,1
fantasiert,1
wahren,1
begebenheit,1
1647,1
urplötzlich,1
mauern,1
einbrechen,1
stein,1
moralischen,1
gesellschaftlichen,1
kurze,1
dürfen,1
siegen,1
fanatiker,1
eigens,2
geflogenan,1
stuttgarter,3
staatsoper,2
textdichter,1
marcel,2
beyer,2
japanische,2
komponist,3
toshio,1
hosokawa,2
stoff,1
oper,1
erdbeben.träume,2
großer,1
trauergesang,1
umgang,1
hiroshima,2
1945,1
fukushima,2
2011.,1
produktionsteam,1
geflogen,1
dortigen,1
verwüstungen,1
augenschein,1
1955,1
geboren,1
atombomben-abwurf,1
kennt,1
langzeit-folgen,1
verwunderlich,1
dominieren,1
werk,2
posaunen,1
lautesten,1
schreiendsten,1
instrumente,1
daneben,1
fürin,1
glockenspiel,1
weht,1
atmet,1
tropft,1
rauschen,1
entschleunigung,2
klangtunnelhosokawa,1
fühlt,1
traditionellen,1
no-theater,1
traum,1
wirklichkeit,1
her,1
bewegt,1
schlechteste,1
kleist,2
figuren,1
gern,1
träumen,1
entrückt,1
publikum,1
klangtunnel,1
gezogen,1
eindrucksvoll,1
rundum,1
beschallt,1
inszeniert,1
jossi,5
wieler,3
intendant,3
gründliche,1
systematische,1
nachdenken,1
erhob.auch,1
maßen,1
gelungen,1
künstlerisch,1
umzusetzen,1
irgendwas,1
behaupten,1
schöne,1
stimmen,1
holt,1
ensemble,1
aufbaut,1
leute,2
türen,1
ungewöhnliche,1
kunstanstrengung,1
stuttgart,3
betonung,1
erstens,1
schwierigen,1
anspruchsvollen,1
text,1
überfrachtete,1
eh,1
problematische,1
vorlage,1
bedeutungsebenen,1
anspielungen,1
dunklen,1
assoziationen,1
dargestellte,1
geschichte,1
identitätsfindung,1
stummen,1
kindes,1
einzelteile,1
zerfiel,1
irgendeine,1
erkenntnisgewinn,1
jedenfalls,1
emotionale,1
betroffenheit,1
bühnenbildnerin,1
anna,1
viebrock,1
inspirieren,1
rissige,1
betonruine,1
hausrat,1
herum,1
schäbige,1
brücke,1
zerborstene,1
reklame-leuchte,1
deprimierende,1
kulisse,1
gewalt-arena,1
umfallendie,1
mitwirkenden,1
voran,1
esther,1
dierkes,1
dominic,1
warfen,1
regelrecht,1
produktion,2
durchweg,1
glaubwürdig,1
buchstäblich,1
engagiert,1
umfallen,1
applaus,1
uraufführungen,1
tradition.die,1
türschlagend,1
raus,1
mögen,1
leise,1
besonderes,1
mentalität,1
wielerer,1
freiheitam,1
stets,1
neugierigen,1
aufgeschlossenen,1
eher,2
zurückhaltenden,1
dirigenten,1
sylvain,1
cambreling,1
musikalisch,1
unfertig,1
unausgegoren,1
wirkte,1
vielmehr,1
libretto,1
durchblicken,1
passte,1
manches,1
regisseur,1
vorläufig,1
freiheit,1
naturkatastrophe.wenn,1
gestaltungsraum,1
berufe,1
intendanten,1
regisseurs,1
zulange,1
meine,1
überzeugung,1
verändert,1
glaube,1
künstlerischen,1
gewisse,1
unabhängigkeit,1
wielerwieder,1
11.,1
termine,1
schreckensszenarien,1
entwerfen,1
rot-kreuz-präsidentin,1
frühere,1
gerda,1
hasselfeldt,2
augsburger,1
extremfälle,1
ausreichend,1
materiallager,1
orten,2
geplantdas,1
verteilten,1
feldbetten,1
lebensmittel,1
einlagern,1
erstausstattung,1
geschätzt.nach,1
reihe,1
ähnlicher,1
depots,1
aufgelöst,1
eingelagert,1
eben,1
überdies,1
cyberangriffs,1
