"Word","Frequency"
"('bevölkerungsschutz', 'katastrophenhilfe')",28
"('ahrtal', 'flutkatastrophe')",16
"('afad', 'katastrophenschutzbehörde')",16
"('bbk', 'katastrophenhilfe')",12
"('ausmaß', 'katastrophe')",11
"('artikel', 'erdbeben-katastrophe')",8
"('diakonie', 'katastrophenhilfe')",6
"('katastrophenschutz', 'versagt')",6
"('ausrüstung', 'katastrophenfälle')",6
"('bedrohung', 'unwetterkatastrophen')",6
"('flutkatastrophen', 'unwetterkatastrophen')",6
"('katastrophe', 'menschen')",6
"('betroffen', 'katastrophe')",6
"('2016', 'flutkatastrophe')",5
"('betroffen', 'flutkatastrophe')",5
"('flutkatastrophe', 'rheinland-pfalz')",5
"('flutkatastrophe', 'juli')",5
"('naturkatastrophe', 'schlimmste')",5
"('katastrophenschutzbehörde', 'türkische')",5
"('bevölkerungs-', 'katastrophenschutz')",4
"('artikel', 'katastrophenschutz')",4
"('hochwasserkatastrophe', 'vergangenen')",4
"('geld', 'katastrophenschutz')",4
"('2021', 'katastrophe')",4
"('ahrtal', 'katastrophe')",4
"('betroffenen', 'flutkatastrophe')",4
"('flutkatastrophe', 'verheerenden')",4
"('flutkatastrophe', 'westen')",4
"('deutschland', 'naturkatastrophen')",4
"('naturkatastrophen', 'verheerendsten')",4
"('katastrophenhilfe', 'ralph')",4
"('katastrophenopfer', 'paten')",4
"('katastrophe', 'türkei')",4
"('geschichte', 'katastrophen')",4
"('hrsg', 'katastrophen')",4
"('katastrophe', 'typischerweise')",4
"('katastrophen', 'regel')",4
"('katastrophe', 'katastrophe')",4
"('naturkatastrophen', 'technischen')",4
"('großschadensereignis', 'katastrophe')",4
"('geschlossene', 'katastrophe')",4
"('e-gefahren', 'katastrophen')",4
"('katastrophen', 'technischen')",4
"('historische', 'katastrophenforschung')",4
"('begriffe', 'katastrophenforschung')",4
"('naturkatastrophen', 'verursachen')",4
"('katastrophenregion', 'verwandte')",4
"('summe', 'wetterkatastrophen')",4
"('wetterkatastrophen', 'zahl')",4
"('naturkatastrophen', 'todesopfer')",4
"('halbjahr', 'naturkatastrophen')",4
"('gefährlicher', 'katastrophenjahr')",4
"('2018', 'katastrophenjahr')",4
"('katastrophenschutzbehörde', 'türkischen')",4
"('katastrophenschutz', 'türkischen')",4
"('afad', 'katastrophenschutz')",4
"('katastrophen', 'menschen')",3
"('katastrophen', 'sollen')",3
"('katastrophen', 'kleinstadt')",3
"('gut', 'katastrophenschutz')",3
"('katastrophe', 'sagt')",3
"('katastrophenmeldungen', 'steigendie')",3
"('katastrophenmeldungen', 'kommen')",3
"('2013', 'flutkatastrophe')",3
"('hochwasserkatastrophe', 'juli')",3
"('naturkatastrophe', 'zusammenhang')",3
"('naturkatastrophe', 'tote')",3
"('flutkatastrophe', 'forderte')",3
"('hochwasser', 'jahrhundertkatastrophe')",3
"('andererseits', 'jahrhundertkatastrophe')",3
"('gehört', 'jahrhundertkatastrophe')",3
"('dienstag', 'jahrhundertkatastrophe')",3
"('flutkatastrophe', 'jüngsten')",3
"('flutkatastrophe', 'westeuropa')",3
"('juli', 'naturkatastrophen')",3
"('beschädigt', 'naturkatastrophen')",3
"('deutschlands', 'flutkatastrophe')",3
"('flutkatastrophe', 'heimgesucht')",3
"('hochwasser', 'katastrophenschutz')",3
"('katastrophenschutz', 'kritik')",3
"('gemischten', 'katastrophenschutz')",3
"('denke', 'katastrophenschutz')",3
"('ahrtal', 'hochwasserkatastrophe')",3
"('freistaat', 'katastrophenfälle')",3
"('besiedelt', 'flutkatastrophen')",3
"('katastrophenfälle', 'müssten')",3
"('flutkatastrophe', 'jährenden')",3
"('flutkatastrophen', 'wiederbesiedelt')",3
"('bevölkerungsschutz', 'katastrophenhilfetiesler')",3
"('katastrophenhilfetiesler', 'plädierte')",3
"('flutkatastrophe', 'jahrestages')",3
"('bevölkerungsschutz', 'flutkatastrophe')",3
"('katastrophenhilfe', 'sowie')",3
"('naturkatastrophe', 'schlimmsten')",3
"('naturkatastrophe', 'who-europa-region')",3
"('angaben', 'katastrophe')",3
"('naturkatastrophen', 'weltweit')",3
"('katastrophenschutzbehörde', 'teilte')",3
"('menschen', 'naturkatastrophen')",3
"('katastrophe', 'oft')",3
"('hrsg', 'katastrophenhilfe')",3
"('dombrowsky', 'katastrophe')",3
"('katastrophe', 'katastrophenschutz')",3
"('bonn', 'katastrophenhilfe')",3
"('katastrophenbehörde', 'türkische')",3
"('afad', 'katastrophenbehörde')",3
"('katastrophenregion', 'sorgen')",3
"('eu-katastrophenschutzverfahren', 'sogenannte')",3
"('katastrophenfall', 'waldbrand')",3
"('aschaffenburg', 'katastrophenschutz')",3
"('katastrophenschutzfonds', 'mitteln')",3
"('erdbebenkatastrophe', 'türkisch-syrischen')",3
"('erdbeben-katastrophe', 'hilfe')",3
"('erdbeben-katastrophe', 'großes')",3
"('katastrophenschutz', 'örtliche')",2
"('frühen', 'katastrophenschutz')",2
"('besuch', 'katastrophengebiet')",2
"('feuerwehr', 'katastrophenschutz')",2
"('4.500', 'katastrophenschutz')",2
"('flutkatastrophe', 'simbach')",2
"('geld', 'katastrophen-')",2
"('katastrophen-', 'zivilschutz')",2
"('fast', 'katastrophenschutz')",2
"('angesichts', 'hochwasserkatastrophe')",2
"('katastrophenschutz', 'sache')",2
"('flutkatastrophe', 'tödlichen')",2
"('artikel', 'flutkatastrophen')",2
"('flutkatastrophen', 'zivilschützer')",2
"('flutkatastrophe', 'opfer')",2
"('flutkatastrophe', 'kurpark')",2
"('hochwasser-katastrophe', 'menschen')",2
"('hochwasser-katastrophe', 'vergangenen')",2
"('herrschte', 'katastrophenstimmung')",2
"('dachte', 'katastrophenstimmung')",2
"('katastrophengebiet', 'persönlich')",2
"('ausgerufen', 'katastrophenfall')",2
"('flutkatastrophe', 'sorgte')",2
"('angerers', 'unwetterkatastrophe')",2
"('arbeit', 'unwetterkatastrophe')",2
"('flutkatastrophe', 'folgen')",2
"('katastrophen', 'künftig')",2
"('in-', 'katastrophen')",2
"('geschah', 'überschwemmungskatastrophe')",2
"('pakistan', 'überschwemmungskatastrophe')",2
"('flutkatastrophe', 'stellt')",2
"('flutkatastrophe', 'mitte')",2
"('ereignisse', 'hochwasserkatastrophe')",2
"('gemeinden', 'katastrophengebieten')",2
"('große', 'katastrophengebieten')",2
"('flutkatastrophe', 'leid')",2
"('ausgedrückt', 'flutkatastrophe')",2
"('denken', 'flutkatastrophe')",2
"('beantragen', 'katastrophenhilfe')",2
"('katastrophenhilfe', 'schuhmann')",2
"('diakonischen', 'katastrophenhilfe')",2
"('beginn', 'flutkatastrophe')",2
"('flutkatastrophe', 'laut')",2
"('hochwasserkatastrophe', 'menschen')",2
"('hochwasserkatastrophe', 'nordrhein-westfalen')",2
"('beginn', 'hochwasserkatastrophe')",2
"('bundeskabinett', 'hochwasserkatastrophe')",2
"('betonte', 'katastrophe')",2
"('folge', 'katastrophe')",2
"('bundes', 'katastrophe')",2
"('katastrophe', 'rechnung')",2
"('absehbar', 'katastrophe')",2
"('inzwischen', 'katastrophe')",2
"('katastrophenfall', 'landkreis')",2
"('ländern', 'naturkatastrophen')",2
"('finanziell', 'naturkatastrophen')",2
"('naturkatastrophen', 'vier')",2
"('bekam', 'naturkatastrophen')",2
"('befinden', 'naturkatastrophen')",2
"('hilfen', 'naturkatastrophen')",2
"('disasters', 'naturkatastrophe')",2
"('mehrere', 'naturkatastrophe')",2
"('größeren', 'naturkatastrophen')",2
"('0,6', 'naturkatastrophen')",2
"('eu-solidarfonds', 'naturkatastrophe')",2
"('naturkatastrophe', 'stellen.für')",2
"('naturkatastrophen', 'regionale')",2
"('naturkatastrophen', 'referenzwert')",2
"('eu-solidarfonds', 'naturkatastrophen')",2
"('naturkatastrophen', 'übernommen')",2
"('naturkatastrophe', 'zahlenbeispiel')",2
"('deutschland', 'naturkatastrophe')",2
"('naturkatastrophen', 'unterstützen')",2
"('fall', 'zu.katastrophenschutz')",2
"('warnen', 'zu.katastrophenschutz')",2
"('katastrophe', 'wochen')",2
"('entwicklungen', 'flutkatastrophe')",2
"('flutkatastrophen', 'gerüstet')",2
"('2013', 'flutkatastrophen')",2
"('hochwasserkatastrophe', 'tagen')",2
"('ereignet', 'hochwasserkatastrophe')",2
"('br24live', 'hochwasserkatastrophe')",2
"('hochwasserkatastrophe', 'passieren')",2
"('derartige', 'katastrophenhilfe')",2
"('flutkatastropheim', 'tote')",2
"('flutkatastropheim', 'juni')",2
"('katastrophe', 'verantwortlich')",2
"('flutkatastrophe', 'jahre')",2
"('flutkatastrophe', 'kommende')",2
"('flutkatastrophe', 'rückgebaut')",2
"('flutkatastrophe', 'juni')",2
"('2016bei', 'flutkatastrophe')",2
"('hochwasserkatastrophen', 'verzehnfacht')",2
"('2002', 'hochwasserkatastrophen')",2
"('katastrophenfall', 'louisiana')",2
"('angaben', 'katastrophenfall')",2
"('dienstag', 'katastrophengebiet')",2
"('lawinenkatastrophe', 'machte')",2
"('klimawandel', 'lawinenkatastrophe')",2
"('häufig', 'unwetterkatastrophen')",2
"('kommen', 'unwetterkatastrophen')",2
"('flutkatastrophe', 'schwer')",2
"('flutkatastrophe', 'zusammenstellung')",2
"('ahrtaler', 'flutkatastrophe')",2
"('flutkatastrophe', 'vergangenen')",2
"('flutkatastrophen', 'überallauch')",2
"('flutkatastrophen', 'vergangenen')",2
"('katastrophe', 'lauf')",2
"('bilanz', 'katastrophe')",2
"('bayerneine', 'unwetter-katastrophe')",2
"('bayern', 'unwetter-katastrophe')",2
"('flutkatastrophe', 'länder')",2
"('flutkatastrophe', 'jahrzehnten')",2
"('flutkatastrophe', 'monate')",2
"('katastrophe', 'prozent')",2
"('katastrophenfall', 'vernichtung')",2
"('katastrophe', 'passiert')",2
"('beantragt', 'katastrophenhilfeus-präsident')",2
"('donald', 'katastrophenhilfeus-präsident')",2
"('dollar', 'katastrophenschutzbehörde')",2
"('fema', 'katastrophenschutzbehörde')",2
"('naturkatastrophen', 'schäden')",2
"('jahrhundertkatastrophe', 'letzte')",2
"('jahrhundertkatastrophe', 'türkei')",2
"('bundesinnenministerium', 'katastrophengebiet')",2
"('katastrophengebiet', 'syrien')",2
"('einsatz', 'katastrophe')",2
"('katastrophe', 'spenden')",2
"('katastrophenschutzbehörde', 'sitz')",2
"('deutlicher', 'katastrophe')",2
"('naturkatastrophe', 'tage')",2
"('naturkatastrophe', 'schwindet')",2
"('hinterließen', 'naturkatastrophen')",2
"('naturkatastrophe', 'teuerste')",2
"('naturkatastrophe', 'vergangenen')",2
"('gefahren', 'naturkatastrophen')",2
"('katastrophe', 'schlüssel')",2
"('berechnen', 'katastrophe')",2
"('katastrophenszenarien', 'warum')",2
"('katastrophenszenarien', 'politiker')",2
"('endgültigen', 'katastrophen')",2
"('katastrophen', 'skizzieren')",2
"('katastrophen', 'skizzierten')",2
"('katastrophen', 'kommen')",2
"('grund', 'katastrophenfall')",2
"('katastrophenfall', 'nachmittag')",2
"('ausrufung', 'katastrophenfalls')",2
"('diente', 'katastrophenfalls')",2
"('katastrophenfall', 'lesen')",2
"('bayern', 'katastrophenfall')",2
"('katastrophenalarm', 'landkreis')",2
"('aus.bei', 'katastrophenalarm')",2
"('naturkatastrophen', 'vergangenen')",2
"('naturkatastrophen', 'überschwemmungen')",2
"('künftig', 'naturkatastrophen')",2
"('erdrutschen', 'naturkatastrophen')",2
"('katastrophengebiet', 'verkehrsfluss')",2
"('effektiver', 'katastrophengebiet')",2
"('halbjährlichen', 'naturkatastrophenbericht')",2
"('ausführt', 'naturkatastrophenbericht')",2
"('naturkatastrophenauch', 'tote')",2
"('gab', 'naturkatastrophenauch')",2
"('hintergründe', 'naturkatastrophen')",2
"('naturkatastrophen', 'verstehen')",2
"('betroffenen', 'naturkatastrophen')",2
"('katastrophen', 'natürlich')",2
"('freiheit', 'naturkatastrophe.wenn')",2
"('intendant', 'naturkatastrophe.wenn')",2
"('katastrophenschutzbehörde', 'mitteilte')",2
"('indonesischen', 'katastrophenschutzbehörde')",2
"('katastrophenschutzbehörde', 'nationalen')",2
"('betroffen', 'naturkatastrophen')",2
"('katastrophen-', 'zivilschutzes')",2
"('katastrophenschutz', 'verfestigen')",2
"('gebiet', 'katastrophengebiet')",2
"('erklärt', 'katastrophengebiet')",2
"('katastrophe', 'personen')",2
"('katastrophenschutzmanagement', 'krisen-')",2
"('hilfe', 'katastrophenfällen')",2
"('katastrophenschutz', 'zuständige')",2
"('katastrophenschutz', 'zivil-')",2
"('bedeutungen', 'katastrophe')",2
"('begriffsklärung', 'katastrophe')",2
"('katastrophe', 'schildern')",2
"('altgriechisch', 'katastrophe')",2
"('katastrophe', 'usw')",2
"('katastrophe', 'zivil-')",2
"('größere', 'katastrophenschutz')",2
"('katastrophenfeststellung', 'kriterien')",2
"('einstufung', 'katastrophenfeststellung')",2
"('einstufung', 'katastrophenzustand')",2
"('katastrophenzustand', 'lautet')",2
"('katastrophen', 'lautet')",2
"('elementare', 'katastrophen')",2
"('katastrophenmanagementgesetz', 'tiroler')",2
"('katastrophenmanagementgesetz', 'sichtweise')",2
"('hilfsmöglichkeiten', 'katastrophen')",2
"('großschadenereignisse', 'katastrophen')",2
"('katastrophenschutzgesetz', 'können.')",2
"('berlin', 'katastrophenschutzgesetz')",2
"('bayerische', 'katastrophenschutzgesetz')",2
"('31.', 'katastrophenschutzgesetz')",2
"('bayksg', 'katastrophe')",2
"('katastrophe', 'sinne')",2
"('katastrophenschutzbehörden', 'leitung')",2
"('katastrophenschutzbehörden', 'zusammenwirken.')",2
"('grenzen', 'katastrophe')",2
"('katastrophe', 'verwaltungseinheit')",2
"('engeren', 'katastrophe')",2
"('eingestuft', 'katastrophen')",2
"('1997', 'katastrophe')",2
"('deutscher', 'katastrophe')",2
"('1998', 'katastrophe')",2
"('innerhalb', 'katastrophe')",2
"('katastrophenlage', 'zurücksinkt')",2
"('katastrophenlage', 'zählen')",2
"('definition', 'katastrophe')",2
"('katastrophe', 'unerwartetes')",2
"('ereignisse', 'katastrophen')",2
"('führen', 'katastrophen')",2
"('naturkatastrophen', 'verkehrsunfällen')",2
"('geschlossenen', 'katastrophenform')",2
"('katastrophenform', 'unterscheiden.eine')",2
"('katastrophe', 'offene')",2
"('antemortalen', 'katastrophe')",2
"('drohende', 'katastrophen')",2
"('katastrophen', 'pragmatisch')",2
"('gesellschaftliche', 'katastrophen')",2
"('betreffend', 'katastrophen')",2
"('katastrophen', 'wirtschaftliche')",2
"('katastrophen', 'weltwirtschaftskrise')",2
"('2007', 'katastrophen')",2
"('katastrophen', 'technisch-biologisch-medizinischer')",2
"('katastrophen', 'nukleare')",2
"('a-gefahren', 'katastrophen')",2
"('chemiekatastrophen', 'pandemien')",2
"('c-gefahren', 'chemiekatastrophen')",2
"('datennetzbezogene', 'katastrophen')",2
"('d-gefahren', 'katastrophen')",2
"('ausgelöste', 'katastrophen')",2
"('freisetzung', 'katastrophen')",2
"('naturkatastrophen', 'ursache')",2
"('katastrophen', 'naturkatastrophen')",2
"('naturereignisse', 'naturkatastrophen')",2
"('naturkatastrophen', 'waldbrände')",2
"('klimakatastrophe', 'naturkatastrophen')",2
"('auswirkungen', 'klimakatastrophe')",2
"('katastrophe', 'technische')",2
"('katastrophen', 'technische')",2
"('auslöser', 'katastrophen')",2
"('katastrophen', 'verheerende')",2
"('bezeichnet', 'umweltkatastrophen')",2
"('umweltkatastrophen', 'unfälle')",2
"('katastrophen', 'katastrophenmanagement')",2
"('katastrophenmanagement', 'sicherstellen')",2
"('katastrophenfällen', 'wahrscheinlichen')",2
"('festlegen', 'katastrophenfällen')",2
"('katastrophenfällen', 'simulation')",2
"('katastrophenfällen', 'überprüfung')",2
"('katastrophenmanagement', 'leitungsreparaturen')",2
"('katastrophenmanagement', 'umfasst')",2
"('bezeichnete', 'katastrophe')",2
"('forschungen', 'katastrophenmanagement')",2
"('katastrophenmanagement', 'wirtschaftlichen')",2
"('bedeutung', 'katastrophen')",2
"('katastrophen', 'universitäten')",2
"('clausen', 'katastrophensoziologie')",2
"('deutschland', 'katastrophensoziologie')",2
"('gründete', 'katastrophenforschungsstelle')",2
"('berlin', 'katastrophenforschungsstelle')",2
"('katastrophenmanager', 'krisen-')",2
"('katastrophe', 'katastrophenmanager')",2
"('güter', 'katastrophe')",2
"('blick', 'katastrophen')",2
"('katastrophen', 'spielt')",2
"('katastrophen', 'rolle')",2
"('katastrophen', 'rubrik')",2
"('katastrophen', 'kriminalität')",2
"('katastrophen', 'zeigen')",2
"('katastrophen', 'trempler')",2
"('entstehung', 'katastrophen')",2
"('katastrophen', 'walter')",2
"('katastrophen', 'kulturgeschichte')",2
"('empirie', 'katastrophen')",2
"('katastrophen', 'lit')",2
"('katastrophenschutz', 'soziologische')",2
"('fisher', 'katastrophen')",2
"('katastrophen', 'wissenschaft')",2
"('buch', 'katastrophen')",2
"('katastrophen', 'tessloff')",2
"('katastrophenrecht', 'kloepfer')",2
"('einschließlich', 'katastrophenrecht')",2
"('großen', 'katastrophen')",2
"('katastrophen', 'unglücksfälle')",2
"('katastrophen', 'normale')",2
"('campus', 'katastrophen')",2
"('katastrophe', 'soziologie')",2
"('katastrophe', 'transcript')",2
"('günther', 'katastrophe')",2
"('katastrophe', 'terminologische')",2
"('comoedien', 'katastrophenbegriffe')",2
"('katastrophenbegriffe', 'neuzeitlichen')",2
"('katastrophe', 'natur-')",2
"('griechischen', 'katastrophe')",2
"('bild', 'katastrophe')",2
"('1600.', 'katastrophe')",2
"('englisch', 'katastrophenforschung')",2
"('deutsches', 'katastrophenforschung')",2
"('katastrophenforschung', 'portal')",2
"('katastrophenforschung', 'spin-off')",2
"('ausmaß', 'naturkatastrophe')",2
"('katastrophen', 'liste')",2
"('großen', 'naturkatastrophen')",2
"('100', 'katastrophenfällen')",2
"('katastrophe', 'unterstützung')",2
"('katastrophenschutzes', 'tag')",2
"('geschichte', 'naturkatastrophen')",2
"('hilfe', 'katastrophengebiet')",2
"('flutkatastrophe', 'hochwasser-ereignissen')",2
"('flutkatastrophe', 'jahrhunderthochwasser')",2
"('toba-katastrophentheorie', 'umstrittenen')",2
"('katastrophen', 'weltweit')",2
"('bedeutende', 'sturmkatastrophen')",2
"('europa', 'naturkatastrophe')",2
"('katastrophengebiet', 'teils')",2
"('katastrophenfall', 'rief')",2
"('katastrophenfall', 'mobilisierte')",2
"('erdbeben-katastrophe', 'wochen')",2
"('erdbeben-katastrophe', 'türkisch-syrischen')",2
"('erdbeben-katastrophe', 'nationen')",2
"('erdbeben-katastrophe', 'todesopfern')",2
"('häuser', 'naturkatastrophe')",2
"('naturkatastrophe', 'zerstört')",2
"('eu-katastrophenschutzverfahren', 'türkei')",2
"('humanitäre', 'katastrophe')",2
"('katastrophenschutzdienst', 'nationale')",2
"('katastrophenschutzdienst', 'mitteilte')",2
"('juli', 'katastrophenschutz')",2
"('ausgerufen', 'katastrophenschutz')",2
"('katastrophenfall', 'kronach')",2
"('naturkatastrophe', 'schutzgebiet')",2
"('aus.waldbrandfläche', 'naturkatastrophe')",2
"('brand-', 'katastrophenschutz')",2
"('funke', 'katastrophe')",2
"('führen', 'katastrophe')",2
"('größte', 'katastrophe')",2
"('historischem', 'katastrophe')",2
"('katastrophe', 'nachlassen')",2
"('folgen', 'katastrophe')",2
"('hatay', 'katastrophenregion')",2
"('katastrophenschutzbehörde', 'laut')",2
"('betroffenen', 'erdbebenkatastrophe')",2
"('katastrophenschutzes', 'türkischen')",2
"('katastrophe', 'ungeschehen')",2
"('aufgebrochen', 'katastrophengebiet')",2
"('katastrophengebiet', 'türkischen')",2
"('katastrophe', 'zufolge')",2
"('helfer', 'katastrophengebiet')",2
"('katastrophenfall', 'türkei')",2
"('bayern', 'erdbeben-katastrophe')",2
"('europäische', 'katastrophenschutz')",2
"('bündelt', 'katastrophenschutz')",2
"('befindet', 'tsunami-katastrophe')",2
"('11.', 'tsunami-katastrophe')",2
"('dreifachkatastrophe', 'jahre')",2
"('dreifachkatastrophe', 'nordosten')",2
"('katastrophe', 'kernschmelzen')",2
"('blieb', 'katastrophe')",2
"('dreifachkatastrophe', 'genannten')",2
"('dreifachkatastrophe', 'todesfälle')",2
"('atomkatastrophe', 'schwere')",2
"('atomkatastrophe', 'ereignete')",2
"('katastrophe', 'verheerende')",2
"('elf', 'katastrophe')",2
"('dreifach-katastrophe', 'genannten')",2
"('dreifach-katastrophe', 'todesfälle')",2
"('koordiniere.haiti', 'naturkatastrophen')",2
"('naturkatastrophen', 'politisches')",2
"('naturkatastrophen', 'zusätzlich')",2
"('haiti', 'naturkatastrophen')",2
"('fukushima', 'reaktorkatastrophe')",2
"('11.', 'reaktorkatastrophe')",2
"('atomkraftdurch', 'nuklearkatastrophe')",2
"('nuklearkatastrophe', 'wuchs')",2
"('kosten', 'naturkatastrophen')",2
"('fälle', 'katastrophen')",2
"('katastrophen', 'zahlen')",2
"('infolge', 'naturkatastrophen')",2
"('einzelne', 'naturkatastrophen')",2
"('katastrophenschutz-behörde', 'nationalen')",1
"('fema', 'katastrophenschutz-behörde')",1
"('derartige', 'katastrophen')",1
"('katastrophengebiet', 'tornados')",1
"('bedauerlich', 'wetter-katastrophe')",1
"('braucht', 'wetter-katastrophe')",1
"('katastrophe', 'völlig')",1
"('hochwasserkatastrophe', 'kommt')",1
"('dauerte', 'hochwasserkatastrophe')",1
"('erneuten', 'katastrophenhochwasser')",1
"('2013', 'katastrophenhochwasser')",1
"('flutkatastrophe', 'opfern')",1
"('flutkatastrophe', 'unterstützen')",1
"('katastrophe', 'versorgung')",1
"('katastrophe', 'pakistan')",1
"('hochwasserkatastrophe', 'schafft')",1
"('hochwasserkatastrophe', 'pakistan')",1
"('katastrophenfällen', 'rundfunk')",1
"('außergewöhnlichen', 'katastrophenfällen')",1
"('jüngsten', 'katastrophenfällen')",1
"('katastrophenfällen', 'warn-apps')",1
"('katastrophenhilfe', 'katwarn')",1
"('bevölkerung', 'katastrophenfällen')",1
"('katastrophenfällen', 'rechtzeitig')",1
"('katastrophenwarnungen', 'möglichkeiten')",1
"('genau', 'katastrophenwarnungen')",1
"('digitalradio', 'katastrophen-alarmierung')",1
"('katastrophen-alarmierung', 'standby-modus')",1
"('besteht', 'katastrophenfall')",1
"('katastrophenfall', 'mobilfunknetz')",1
"('katastrophenfall', 'start-ups')",1
"('katastrophenfall', 'leben')",1
"('katastrophe', 'naherholungsgebiet')",1
"('beauftragte', 'katastrophenschutz')",1
"('katastrophenschutz', 'new')",1
"('außenbezirken.katastrophenfall', 'westlichen')",1
"('außenbezirken.katastrophenfall', 'überschwemmte')",1
"('bundesstaat', 'katastrophenfall')",1
"('katastrophenfall', 'möglich')",1
"('katastrophengebiet', 'reisen.mit')",1
"('katastrophenschutz', 'stadt')",1
"('katastrophenschutz', 'landshut')",1
"('flutkatastrophe', 'leben')",1
"('katastrophen', 'verringern')",1
"('katastrophen', 'niederbayerischen')",1
"('katastrophenfall', 'überschritten')",1
"('katastrophen', 'mögliche')",1
"('getan', 'katastrophen')",1
"('katastrophenfälle', 'zwei')",1
"('eingetretenlaut', 'katastrophenfälle')",1
"('-fälle', 'katastrophenfälle')",1
"('corona', 'katastrophenfälle')",1
"('katastrophenszenarien', 'mögliche')",1
"('augsburgpintsch', 'katastrophenszenarien')",1
"('katastrophenpintsch', 'schutz')",1
"('katastrophenpintsch', 'meint')",1
"('katastrophenschutz', 'michael')",1
"('katastrophenschutz', 'komme')",1
"('beim', 'katastrophenschutz')",1
"('bayern', 'katastrophenschutz')",1
"('bundeskatastrophenschutzbehörde', 'fordert')",1
"('bundeskatastrophenschutzbehörde', 'guten')",1
"('guten', 'katastrophenschutz')",1
"('24.2.', 'katastrophenschutz')",1
"('katastrophenschutzbehörde', 'nötig')",1
"('bundesebene', 'katastrophenschutzbehörde')",1
"('bilder', 'flutkatastrophe')",1
"('bundesrat', 'zustimmen.katastrophenschutz')",1
"('weiterer', 'zustimmen.katastrophenschutz')",1
"('hochwasserkatastrophe', 'lehre')",1
"('bundesamt', 'katastrophenhilfe')",1
"('flutkatastrophe', 'setzen')",1
"('flutkatastrophe', 'westdeutschland')",1
"('extremsituation', 'hochwasserkatastrophe')",1
"('gezielt', 'hochwasserkatastrophe')",1
"('ausnutzung', 'katastrophenlage')",1
"('extreme', 'katastrophenlage')",1
"('katastrophenhelfernangriffe', 'querdenker')",1
"('hochwasser-helferauch', 'katastrophenhelfernangriffe')",1
"('hilfskräfte', 'katastrophengebiet')",1
"('katastrophengebiet', 'verurteilte')",1
"('katastrophengebiet', 'kleintransportern')",1
"('katastrophengebiet', 'vorgefahren')",1
"('flutkatastrophebei', 'schaulustige')",1
"('aufräumarbeiten', 'flutkatastrophebei')",1
"('aufräumarbeiten', 'flutkatastrophe')",1
"('flutkatastrophe', 'nordrhein-westfalen')",1
"('flutkatastrophe', 'wochen')",1
"('flutkatastrophe', 'todesopfer')",1
"('katastrophenschutz', 'steht')",1
"('deutschland', 'katastrophenschutz')",1
"('abgeordneten', 'beantworten.katastrophenschutz')",1
"('beantworten.katastrophenschutz', 'zukunft')",1
"('bund', 'unwetterkatastrophe')",1
"('unwetterkatastrophe', 'vorwürfe')",1
"('katastrophenschutz', 'künftig')",1
"('katastrophenschutz', 'tun')",1
"('akuter', 'katastrophenlagen')",1
"('katastrophenlagen', 'liegt')",1
"('eingeräumt', 'flutkatastrophe')",1
"('katastrophenschutz', 'verantwortung')",1
"('katastrophenschutz', 'ziehen')",1
"('katastrophenfall', 'solltze')",1
"('katastrophenfall', 'notwendigen')",1
"('katastrophenschutz', 'zentralisierung')",1
"('grundsätzlich', 'katastrophenschutz')",1
"('funktioniert', 'katastrophenschutz')",1
"('katastrophenschutz', 'sagte')",1
"('katastrophe', 'lehre')",1
"('innenminister', 'katastrophe')",1
"('apps', 'rundfunk.katastrophenschutz')",1
"('grüne', 'rundfunk.katastrophenschutz')",1
"('hochwasserkatastrophe', 'lehren')",1
"('hochwasserkatastrophe', 'äußern')",1
"('gehen', 'katastrophenhilfe')",1
"('katastrophenschutzes', 'reform')",1
"('katastrophenschutzes', 'unerlässlich')",1
"('katastrophen', 'künftiger')",1
"('beteiligen', 'katastrophen')",1
"('flutkatastrophe', 'schlagen')",1
"('herrmann', 'katastrophenschutz')",1
"('katastrophenschutz', 'warnen')",1
"('katastrophenfall', 'umgehend')",1
"('katastrophen', 'warnungen')",1
"('allgemeinen', 'katastrophen')",1
"('bundesländer', 'katastrophenschutzbehörden')",1
"('katastrophenschutzbehörden', 'zuständig')",1
"('betont', 'katastrophenlagen')",1
"('katastrophenlagen', 'wichtigsten')",1
"('katastrophenereignisse', 'schuldzuweisungen')",1
"('finden', 'katastrophenereignisse')",1
"('artikel', 'katastrophenfall')",1
"('aufgehoben', 'katastrophenfall')",1
"('katastrophengebiet', 'ziel')",1
"('katastrophengebiet', 'landkreis')",1
"('gut', 'katastrophenfälle')",1
"('katastrophenfälle', 'vorbereitet')",1
"('hochwasser-katastrophe', 'not')",1
"('bayern', 'hochwasser-katastrophe')",1
"('hahn.flutkatastrophe', 'ingo')",1
"('bayern', 'hahn.flutkatastrophe')",1
"('humanitären', 'katastrophe')",1
"('katastrophe', 'wichtig')",1
"('einzige', 'katastrophe')",1
"('dagegen', 'katastrophengebiete')",1
"('katastrophengebiete', 'rheinland-pfalz')",1
"('katastrophenfall', 'normalität')",1
"('katastrophenfall', 'mitternacht')",1
"('gebiete', 'katastrophenfall')",1
"('berchtesgadener', 'katastrophenfall')",1
"('inn', 'katastrophe')",1
"('gewaltige', 'katastrophe')",1
"('katastrophe', 'wundersame')",1
"('erinnern', 'katastrophe')",1
"('haus', 'katastrophe')",1
"('abrufbar.bei', 'flutkatastrophe')",1
"('hochwasserschutz', 'naturkatastrophen')",1
"('flutkatastrophe', 'hochwasserschutzmaßnahmenfür')",1
"('dafür', 'flutkatastrophe')",1
"('damals', 'flutkatastrophe')",1
"('flutkatastrophe', 'nannten')",1
"('beispiellos', 'flutkatastrophe')",1
"('katastrophe', 'zusammenarbeiteten')",1
"('herr', 'katastrophe')",1
"('besuchen', 'katastrophengebiet')",1
"('katastrophenschutz', 'sicherheit')",1
"('aktuelle', 'katastrophenschutz')",1
"('gefahrenfall', 'katastrophenschutz')",1
"('acht', 'katastrophenschutz')",1
"('katastrophenschutzreferent', 'sagte')",1
"('katastrophenschutzreferent', 'lungau')",1
"('flutkatastrophe', 'untersuchungsausschuss')",1
"('flutkatastrophe', 'rücktritt')",1
"('katastrophenschutz-strukturen', 'örtlichen')",1
"('gut', 'katastrophenschutz-strukturen')",1
"('chef', 'katastrophenschutzes')",1
"('gefordertdreyer', 'katastrophenschutzes')",1
"('chef', 'katastrophenschutzbehörde')",1
"('add', 'katastrophenschutzbehörde')",1
"('katastrophenschutz.die', 'strukturen')",1
"('drei', 'katastrophenschutz.die')",1
"('katastrophenschutzes', 'leitung')",1
"('katastrophenschutzes', 'landkreis')",1
"('br24-anfrage', 'katastrophenfall')",1
"('derzeit', 'katastrophenfall')",1
"('flutkatastrophe', 'obwohl')",1
"('katastrophenfall', 'rechtzeitig')",1
"('hinweisen', 'katastrophenfall')",1
"('feuerwehrsirenen', 'katastrophenton')",1
"('katastrophenton', 'oft')",1
"('abdeckung', 'katastrophen-sirenen')",1
"('bayern', 'katastrophen-sirenen')",1
"('hochwasserkatastrophe', 'nacht')",1
"('flutkatastrophe', 'verantwortung')",1
"('angesetzt.unklar', 'flutkatastrophe')",1
"('flutkatastrophe', 'zeitpunkt')",1
"('flutkatastrophe', 'umweltministerin')",1
"('hochwasser-katastrophe', 'neumeister')",1
"('hochwasser-katastrophe', 'rheinland-pfalz')",1
"('flutkatastrophe', 'jahr')",1
"('flutkatastrophe', 'ort')",1
"('flutkatastrophe', 'gut')",1
"('katastrophe', 'tut')",1
"('ersten', 'flutkatastrophe')",1
"('corona-krise', 'flutkatastrophe')",1
"('bekommt', 'flutkatastrophe')",1
"('amts-', 'katastrophenhilfe')",1
"('hierfür', 'hochwasserkatastrophen')",1
"('covid-pandemie', 'hochwasserkatastrophen')",1
"('fußballcamp', 'katastrophenopfer')",1
"('katastrophenopfer', 'menschen')",1
"('flutkatastrophe', 'organisiert')",1
"('flutkatastrophe', 'setzt')",1
"('gegründet', 'katastrophenopfer')",1
"('katastrophenopfer', 'weiterhin')",1
"('ahrtal-flutkatastrophe', 'geben')",1
"('ahrtal-flutkatastrophe', 'fehler')",1
"('ferien', 'flutkatastrophebereits')",1
"('flutkatastrophebereits', 'sonntagabend')",1
"('flutkatastrophe', 'nachwehen')",1
"('135', 'flutkatastrophe')",1
"('flutkatastrophe', 'voran')",1
"('flutkatastrophe', 'schlimmste')",1
"('flutkatastrophe', 'schlimmsten')",1
"('flutkatastrophe', 'rheinland-pfälzischen')",1
"('flutkatastrophe', 'sommer')",1
"('flutkatastrophe', 'lieber')",1
"('betroffene', 'flutkatastrophe')",1
"('flutkatastrophe', 'sauer.nach')",1
"('flutkatastrophe', 'gemüseanbau')",1
"('katastrophenwarnung', 'system')",1
"('katastrophenwarnung', 'thema')",1
"('katastrophe', 'touristen')",1
"('ehrenamtlich', 'katastrophengebiet')",1
"('eifel', 'katastrophengebiet')",1
"('amt', 'flutkatastrophe')",1
"('ausüben', 'katastrophe')",1
"('katastrophe', 'massive')",1
"('katastrophengebiet', 'unterfranken')",1
"('katastrophengebiet', 'rheinland-pfalz')",1
"('bilanz', 'flutkatastrophe350')",1
"('einsatzkräfte', 'flutkatastrophe350')",1
"('flutkatastrophe', 'gebiet')",1
"('einsatz', 'flutkatastrophe')",1
"('flutkatastrophe', 'helfer')",1
"('csu', 'flutkatastrophe')",1
"('flutkatastrophe', 'fünf')",1
"('katastrophenfall', 'könne')",1
"('hochwasserkatastrophen', 'jüngsten')",1
"('deutlich', 'hochwasserkatastrophen')",1
"('fließt', 'katastrophe')",1
"('katastrophe', 'personal')",1
"('katastrophen', 'versichert')",1
"('fünf', 'katastrophen')",1
"('deggendorf', 'katastrophe')",1
"('bernreiter', 'flutkatastrophe')",1
"('flutkatastrophe', 'vergeblich')",1
"('dar', 'katastrophenfall')",1
"('katastrophen', 'künftigen')",1
"('betreuung', 'katastrophen')",1
"('hochwasserkatastrophe', 'minuten')",1
"('hochwasserkatastrophe', 'juni')",1
"('hochwasserschutzes', 'katastrophe')",1
"('fünf', 'katastrophe')",1
"('aufkommen', 'naturkatastrophen')",1
"('betreiber', 'naturkatastrophen')",1
"('hilfskräfte', 'katastrophenschutz')",1
"('beteiligt', 'katastrophenschutz')",1
"('beziffert', 'naturkatastrophen')",1
"('hochwasserkatastrophe', 'jahr')",1
"('katastrophenschutz', 'stattfinden')",1
"('katastrophenschutz', 'tatsächlich')",1
"('...', 'hochwasserkatastrophe')",1
"('flutkatastrophe', 'gestärkt')",1
"('konflikte', 'naturkatastrophen')",1
"('naturkatastrophen', 'schwer')",1
"('getroffen', 'naturkatastrophen')",1
"('aufgrund', 'naturkatastrophen')",1
"('naturkatastrophen', 'verzeichneten')",1
"('naturkatastrophen', 'verfügung')",1
"('naturkatastrophen', 'weggespült')",1
"('katastrophenschutz', 'örtlichen')",1
"('gefahr', 'katastrophenschutz')",1
"('eintretenden', 'katastrophen')",1
"('katastrophen', 'warnen')",1
"('abwehr', 'katastrophen')",1
"('katastrophen', 'unglück')",1
"('katastrophenschutzbehörde', 'nationale')",1
"('erwäge', 'katastrophenfall')",1
"('auszurufen', 'katastrophenfall')",1
"('bezirk', 'katastrophenschutzbehörde')",1
"('katastrophenschutzes', 'sprecher')",1
"('katastrophenschutzes', 'starts')",1
"('internationale', 'katastrophenschutzbehörde')",1
"('alarmstufe', 'katastrophenschutzbehörde')",1
"('katastrophenschutzbehörde', 'sagte')",1
"('nacht', 'naturkatastrophe')",1
"('naturkatastrophe', 'natürlich')",1
"('auslöser', 'naturkatastrophen')",1
"('jedoch', 'naturkatastrophen')",1
"('auswirkungen', 'naturkatastrophen')",1
"('beitragen', 'naturkatastrophen')",1
"('erwärmung', 'katastrophen')",1
"('begünstigende', 'katastrophen')",1
"('abwehr', 'naturkatastrophen')",1
"('naturkatastrophen', 'rahmen')",1
"('katastrophenschutzes', 'rahmen')",1
"('ergriffen', 'katastrophenschutzes')",1
"('naturkatastrophe', 'sachverhalt')",1
"('engeren', 'naturkatastrophe')",1
"('katastrophe', 'naturereignis')",1
"('katastrophe', 'verursacher')",1
"('katastrophe', 'natur')",1
"('spricht', 'umweltkatastrophe')",1
"('seuchen', 'umweltkatastrophe')",1
"('begriff', 'katastrophe')",1
"('katastrophe', 'zugrunde')",1
"('katastrophenopfer', 'zahl')",1
"('katastrophenopfer', 'volkswirtschaftlicher')",1
"('katastrophe', 'versicherungsschaden')",1
"('größeren', 'katastrophe')",1
"('außergewöhnliche', 'katastrophe')",1
"('hauptsächlich', 'katastrophe')",1
"('katastrophe', 'union')",1
"('katastrophe', 'zumindest')",1
"('bezifferte', 'katastrophen')",1
"('naturkatastrophe', 'opferreichste')",1
"('geschichte', 'naturkatastrophe')",1
"('bewertung', 'naturkatastrophen')",1
"('hängt', 'naturkatastrophen')",1
"('falle', 'katastrophe')",1
"('jahr', 'naturkatastrophen')",1
"('bedroht', 'naturkatastrophen')",1
"('katastrophen', 'weltweiten')",1
"('demnach', 'katastrophen')",1
"('größere', 'katastrophen')",1
"('jeweils', 'katastrophen')",1
"('davon', 'wetterkatastrophen')",1
"('prozent', 'wetterkatastrophen')",1
"('biologische', 'katastrophen')",1
"('katastrophen', 'seuchen')",1
"('alpine', 'naturkatastrophen')",1
"('lawinen', 'naturkatastrophen')",1
"('naturkatastrophen', 'vorsorge')",1
"('katastrophen', 'untergang')",1
"('lexikon', 'naturkatastrophen')",1
"('naturkatastrophen', 'verlag')",1
"('katastrophenhilfe', 'katastrophenschutz')",1
"('katastrophenhilfe', 'überschneiden')",1
"('anleitung', 'katastrophenschutz')",1
"('katastrophenschutz', 'kats')",1
"('entstehung', 'katastrophe')",1
"('katastrophe', 'schützen')",1
"('abgegrenzt', 'katastrophenschutz')",1
"('katastrophenschutz', 'schutz')",1
"('gemeinsam', 'katastrophenschutz')",1
"('katastrophenschutz', 'oberbegriff')",1
"('katastrophenfall', 'schäden')",1
"('katastrophenfall', 'sowie')",1
"('beseitigung', 'katastrophenschäden')",1
"('katastrophenschäden', 'schutz')",1
"('naturkatastrophen', 'versorgung')",1
"('naturkatastrophen', 'zunächst')",1
"('katastrophen', 'unglücksfällen')",1
"('katastrophen', 'wahr')",1
"('katastrophenhilfe', 'überregionale')",1
"('dabei', 'katastrophenhilfe')",1
"('auswirkungen', 'katastrophenschutzorganisation')",1
"('katastrophenschutzorganisation', 'versucht')",1
"('katastrophenschutz', 'zusammenarbeit')",1
"('katastrophenschutz', 'verstärkte')",1
"('katastrophenschutz', 'maßnahmen')",1
"('gefördert', 'katastrophenschutz')",1
"('naturkatastrophen', 'regelmäßige')",1
"('naturkatastrophen', 'überstehen')",1
"('abbau', 'katastrophen-')",1
"('beispiel', 'naturkatastrophen')",1
"('gewissen', 'naturkatastrophen')",1
"('katastrophenschutz', 'umzukehren')",1
"('größerem', 'katastrophenschutz')",1
"('katastrophenschutzeinsätzen', 'zusammenarbeit')",1
"('2001/792/eg', 'katastrophenschutzeinsätzen')",1
"('hilfeleistung', 'katastrophenfällen')",1
"('eingerichtet', 'katastrophenfällen')",1
"('katastrophenhilfe-mechanismus', 'möglichkeit')",1
"('aktivieren', 'katastrophenhilfe-mechanismus')",1
"('anzufordern', 'katastrophe')",1
"('katastrophe', 'kulturgüter')",1
"('katastrophenlagen', 'zivilschutz')",1
"('katastrophenlagen', 'zuständig')",1
"('ersatzdienstes', 'katastrophenschutz')",1
"('katastrophenschutz', 'zunehmend')",1
"('hocheffizienten', 'katastrophenschutz')",1
"('betreibt', 'katastrophenschutz')",1
"('infrastrukturkomponenten', 'katastrophe')",1
"('hilfe', 'katastrophe')",1
"('katastrophen', 'notfällen')",1
"('ermöglichen', 'katastrophen')",1
"('katastrophenhilfe', 'koordinierung')",1
"('katastrophenhilfe', 'notrufe')",1
"('katastrophe', 'verkehrsinfrastrukturrouten')",1
"('katastrophe', 'unpassierbar')",1
"('evakuierung', 'katastrophenhilfe')",1
"('erschwert', 'katastrophenhilfe')",1
"('katastrophenabfälle', 'umgesetzt')",1
"('häufig', 'katastrophenabfälle')",1
"('entsorgt', 'katastrophe')",1
"('anfallenden', 'katastrophe')",1
"('art', 'katastrophe')",1
"('katastrophen', 'tieren')",1
"('katastrophen', 'teil')",1
"('katastrophenschutzes', 'teil')",1
"('katastrophenschutzes', 'manchmal')",1
"('-logistik', 'katastrophenschutz')",1
"('katastrophenschutz', 'umgewidmet')",1
"('katastrophen', 'kläranlagen')",1
"('gestört', 'katastrophen')",1
"('katastrophenhilfe', 'langfristige')",1
"('infrastruktur', 'katastrophengebieten')",1
"('erhöhtem', 'katastrophengebieten')",1
"('beteiligte', 'katastrophenhilfe')",1
"('katastrophentouristen', 'verkehrsnetzes')",1
"('katastrophentouristen', 'zuteilung')",1
"('katastrophenfall', 'spielen')",1
"('katastrophenfall', 'rolle')",1
"('katastrophenhilfsdienst', 'österreich')",1
"('katastrophenhilfsdienst', 'oberste')",1
"('katastrophenschutz', 'organisationen')",1
"('herangezogen', 'katastrophenschutz')",1
"('katastrophe', 'landeshauptmann')",1
"('ausrufen', 'katastrophe')",1
"('ausrufen', 'katastrophenschutzgesetzgebung')",1
"('katastrophenschutzgesetzgebung', 'obliegt')",1
"('bekämpfung', 'katastrophen')",1
"('aufgabe', 'katastrophen')",1
"('katastrophenhilfsdiensten', 'organisierten')",1
"('katastrophenhilfsdiensten', 'rettungsorganisationen')",1
"('katastrophenhilfe', 'leitung')",1
"('erfolgt', 'katastrophenhilfe')",1
"('grenzüberschreitenden', 'katastrophenfällen')",1
"('erfolgt', 'katastrophenfällen')",1
"('katastrophenschutzmanagements', 'krisen-')",1
"('beim', 'katastrophenschutzmanagements')",1
"('ausland', 'katastrophe')",1
"('eingerichtet', 'katastrophenschutzmanagement')",1
"('abwehrenden', 'katastrophenschutzes')",1
"('katastrophenschutzes', 'staatliche')",1
"('katastrophenschutzmanagement', 'skkm')",1
"('grenzüberschreitenden', 'katastrophenhilfe')",1
"('katastrophenhilfe', 'nato/pfp')",1
"('abgeschlossen', 'katastrophenfällen')",1
"('aspekten', 'katastrophenschutzes')",1
"('befasst', 'katastrophenschutzes')",1
"('katastrophenszenarien', 'survey')",1
"('arkstorm-szenario', 'katastrophenszenarien')",1
"('umweltkatastrophen', 'verursachte')",1
"('befasst', 'umweltkatastrophen')",1
"('katastrophen', 'staaten')",1
"('katastrophen', 'katastrophenschutz')",1
"('eintritt', 'katastrophe')",1
"('katastrophenschutz', 'zuständigkeitsbestimmung')",1
"('katastrophenschutz', 'unterstützung')",1
"('eigenständigen', 'katastrophenschutz')",1
"('betreiben', 'katastrophenschutz')",1
"('katastrophenschutz', 'verantwortliche')",1
"('herausdrängen', 'katastrophenschutz')",1
"('atomkrieg', 'katastrophen')",1
"('katastrophen', 'zivil-')",1
"('bundesrepublik', 'katastrophenschutz')",1
"('katastrophenschutz', 'metaanalyse')",1
"('großunfälle', 'katastrophen')",1
"('katastrophen', 'stuttgart')",1
"('geschichte', 'katastrophen-')",1
"('katastrophenschutz', 'wiesbaden')",1
"('bevölkerung', 'großkatastrophen')",1
"('großkatastrophen', 'verteidigungsfall')",1
"('katastrophenschutz', 'portal')",1
"('katastrophenschutz', 'übersicht')",1
"('katastrophenschutz', 'thema')",1
"('katalog', 'katastrophenschutz')",1
"('bilden', 'flutkatastrophen')",1
"('flutkatastrophen', 'verursacht')",1
"('bekannten', 'flutkatastrophen')",1
"('europas', 'flutkatastrophen')",1
"('flutkatastrophen', 'gletscherlauf')",1
"('auslösen', 'flutkatastrophen')",1
"('2011', 'umweltkatastrophe')",1
"('menschen', 'umweltkatastrophe')",1
"('naturkatastrophe', 'unterschied')",1
"('naturkatastrophe', 'ursache')",1
"('umweltkatastrophe', 'vorgängen')",1
"('meist', 'umweltkatastrophe')",1
"('katastrophe', 'nukleare')",1
"('katastrophe', 'tschernobyl')",1
"('smog-katastrophe', 'stellt')",1
"('london', 'smog-katastrophe')",1
"('darauf', 'umweltkatastrophen')",1
"('große', 'umweltkatastrophen')",1
"('lösen', 'umweltkatastrophen')",1
"('plötzliches', 'umweltkatastrophen')",1
"('umweltkatastrophen', 'wachsen')",1
"('umweltkatastrophen', 'zurückzuführende')",1
"('ausgelöst', 'brandkatastrophe')",1
"('brandkatastrophe', 'umweltkatastrophe')",1
"('ausweitet', 'umweltkatastrophe')",1
"('erreichen', 'naturkatastrophe')",1
"('katastrophenversicherung', 'modellen')",1
"('gearbeitet', 'katastrophenversicherung')",1
"('brandkatastrophen', 'unterschieden')",1
"('brandkatastrophen', 'flutkatastrophen')",1
"('flutkatastrophen', 'infolge')",1
"('chemiekatastrophen', 'stauanlagenunfällen')",1
"('chemiekatastrophen', 'gefahrgutunfälle')",1
"('gefahrgutunfälle', 'nuklearkatastrophen')",1
"('nuklearkatastrophen', 'seuchen')",1
"('smogkatastrophen', 'ölpesten')",1
"('globale', 'smogkatastrophen')",1
"('invasion', 'katastrophenversicherung')",1
"('katastrophentheorie', 'katastrophenversicherung')",1
"('katastrophensoziologie', 'katastrophentheorie')",1
"('katastrophensoziologie', 'liste')",1
"('naturkatastrophen', 'zählen')",1
"('naturkatastrophen', 'wissenschaft')",1
"('35.000', 'naturkatastrophen-ereignissen')",1
"('karlsruher', 'naturkatastrophen-ereignissen')",1
"('naturkatastrophen', 'schrieb')",1
"('naturkatastrophen', 'wirken')",1
"('fukushima-katastrophe', 'tsunamis')",1
"('atomkraftwerk', 'fukushima-katastrophe')",1
"('beitrittskandidaten', 'naturkatastrophen')",1
"('evtl', 'nuklearkatastrophen')",1
"('nuklearkatastrophen', 'zügig')",1
"('katastrophenfällen', 'staaten')",1
"('einzelnen', 'katastrophenfall')",1
"('italien', 'katastrophenfall')",1
"('naturkatastrophen', 'sämtliche')",1
"('naturkatastrophen', 'verursachten')",1
"('naturkatastrophe', 'schäden')",1
"('evtl', 'naturkatastrophe')",1
"('evtl', 'nuklearkatastrophe')",1
"('0,6', 'nuklearkatastrophe')",1
"('eintreten', 'katastrophe')",1
"('genutzt', 'katastrophenfällen')",1
"('daishinsai', 'hanshin-awaji-erdbebenkatastrophe')",1
"('hanshin-awaji-erdbebenkatastrophe', 'offizielle')",1
"('anschluss', 'katastrophenmanagement')",1
"('entscheidend', 'katastrophenmanagement')",1
"('erdbebensicherheit', 'katastrophenmanagement')",1
"('ausgerichtete', 'katastrophenmanagement')",1
"('freiwilligen', 'katastrophenschutzes')",1
"('katastrophenschutzes', 'september')",1
"('gewesenen', 'katastrophe')",1
"('fest', 'katastrophe')",1
"('flutkatastrophe', 'überwinden')",1
"('flutkatastrophe', 'verursachen')",1
"('größte', 'sturmkatastrophe')",1
"('beginn', 'sturmkatastrophe')",1
"('katastrophe', 'tagen')",1
"('katastrophe', 'vollkommen')",1
"('countys', 'katastrophengebieten')",1
"('katastrophengebieten', 'rief')",1
"('bush', 'katastrophengebiet')",1
"('katastrophengebiet', 'verkündete')",1
"('bundesbehörde', 'katastrophenschutz')",1
"('fema', 'katastrophenschutz')",1
"('katastrophe', 'oktober')",1
"('erlaubte', 'naturkatastrophen')",1
"('naturkatastrophen', 'terroristischen')",1
"('katastrophengebiet', 'leisteten')",1
"('katastrophengebiet', 'möglich')",1
"('katastrophengebiet', 'zusammengezogen')",1
"('katastrophengebiet', 'marineoperationen')",1
"('dienen', 'katastrophengebiet')",1
"('katastrophe', 'tag')",1
"('hilfeleistung', 'katastrophe')",1
"('dimension', 'katastrophe')",1
"('congressional', 'katastrophe')",1
"('katastrophengebiet', 'zeit')",1
"('fliehen', 'katastrophengebiet')",1
"('folgen', 'katastrophen')",1
"('inzwischen', 'katastrophen')",1
"('artikel', 'katastrophe')",1
"('katastrophe', 'wissenschaftler')",1
"('schäden', 'us-katastrophenhilfsbehörde')",1
"('fema', 'us-katastrophenhilfsbehörde')",1
"('katastrophe', 'opfern')",1
"('katastrophe', 'lieferte')",1
"('kulturkatastrophen', 'natur-')",1
"('hans-rudolf', 'kulturkatastrophen')",1
"('kulturerbe', 'naturkatastrophen')",1
"('cultural', 'naturkatastrophen')",1
"('katastrophe', 'regierung')",1
"('band', 'katastrophe')",1
"('2007', 'naturkatastrophe')",1
"('folgen', 'naturkatastrophe')",1
"('bedeckt', 'flutkatastrophen')",1
"('flutkatastrophen', 'neben')",1
"('folgenreichsten', 'naturkatastrophen')",1
"('siehe', 'toba-katastrophentheorie')",1
"('danach', 'toba-katastrophentheorie')",1
"('2019', 'katastrophentheorie')",1
"('katastrophentheorie', 'thomas')",1
"('verhütung', 'vulkankatastrophen')",1
"('aufklärung', 'vulkankatastrophen')",1
"('klimakatastrophe', 'weltweite')",1
"('drastischen', 'klimakatastrophe')",1
"('fischer', 'naturkatastrophen')",1
"('compact', 'naturkatastrophen')",1
"('globalen', 'klimakatastrophe')",1
"('klimakatastrophe', 'vulkanischer')",1
"('menschheit', 'toba-katastrophentheorie')",1
"('anthropologen', 'toba-katastrophentheorie')",1
"('diskutierten', 'toba-katastrophentheorie')",1
"('dadurch', 'toba-katastrophentheorie')",1
"('supervulkan', 'vulkankatastrophen')",1
"('magmatische', 'vulkankatastrophen')",1
"('katastrophe', 'verheerenden')",1
"('13.', 'katastrophe')",1
"('lokale', 'naturkatastrophe')",1
"('betroffene', 'naturkatastrophe')",1
"('1963', 'katastrophe')",1
"('katastrophe', 'vajont')",1
"('beispiel', 'katastrophe')",1
"('1993', 'katastrophe')",1
"('gezählt', 'naturkatastrophen')",1
"('1999', 'lawinenkatastrophe')",1
"('galtür', 'lawinenkatastrophe')",1
"('große', 'lawinenkatastrophe')",1
"('lawinenkatastrophe', 'schweiz')",1
"('kampfhandlungen', 'lawinenkatastrophe')",1
"('13.', 'lawinenkatastrophe')",1
"('katastrophen', 'sachschäden')",1
"('katastrophen', 'lebensgefahr')",1
"('europäer', 'wetterkatastrophen')",1
"('leben', 'wetterkatastrophen')",1
"('historischer', 'katastrophen')",1
"('hochwasser', 'naturkatastrophen')",1
"('naturkatastrophen', 'sachsen')",1
"('flutkatastrophe', 'jahrhundert')",1
"('ereignet', 'flutkatastrophe')",1
"('1825.', 'flutkatastrophe')",1
"('1953', 'flutkatastrophe')",1
"('geschehens', 'katastrophe')",1
"('flutkatastrophe', 'katastrophe')",1
"('flutkatastrophe', 'menschliche')",1
"('häufiger', 'katastrophen')",1
"('katastrophen', 'vielen')",1
"('behaftet', 'katastrophenschutz')",1
"('fällt', 'katastrophenschutz')",1
"('erfolgt', 'katastrophenhilfsdienst')",1
"('feuerwehr', 'katastrophenhilfsdienst')",1
"('naturkatastrophe', 'wirklichen')",1
"('naturkatastrophe', 'wird.')",1
"('deutschland', 'sturmkatastrophen')",1
"('sturmkatastrophen', 'österreich')",1
"('naturkatastrophe', 'schwerste')",1
"('naturkatastrophe', 'sturmflut')",1
"('katastrophenforschung', 'meteorologie')",1
"('katastrophenforschung', 'ziel')",1
"('katastrophenforschung', 'sensibilisieren')",1
"('geht', 'katastrophenforschung')",1
"('naturkatastrophen', 'schwersten')",1
"('naturkatastrophen', 'nordwestpazifik')",1
"('naturkatastrophe', 'zehntteuerste')",1
"('naturkatastrophe', 'übertroffen')",1
"('hochwasserkatastrophen', 'sturm-')",1
"('hochwasserkatastrophen', 'verunglückten')",1
"('schweren', 'smog-katastrophe')",1
"('heimgesucht', 'smog-katastrophe')",1
"('katastrophe', 'nachgang')",1
"('clean', 'katastrophe')",1
"('brandrodungen', 'naturkatastrophen')",1
"('entsteht', 'naturkatastrophen')",1
"('frühneuzeitlichen', 'naturkatastrophe')",1
"('bayerisches', 'naturkatastrophe')",1
"('ausgelösten', 'naturkatastrophen')",1
"('naturkatastrophen', 'vergangenheit')",1
"('derartigen', 'katastrophe')",1
"('katastrophen', 'koeberl')",1
"('all', 'katastrophen')",1
"('naturkatastrophen', 'vgl')",1
"('katastrophen', 'naturereignissen')",1
"('hängt', 'katastrophen')",1
"('meteoriteneinschläge', 'naturkatastrophen')",1
"('katastrophen', 'verstärker')",1
"('katastrophen', 'nennen')",1
"('gebäude', 'katastrophe')",1
"('forderte', 'katastrophe')",1
"('katastrophen', 'naturereignisse')",1
"('ausweiten', 'katastrophen')",1
"('katastrophen', 'krisensituationen')",1
"('extreme', 'katastrophen')",1
"('faktors', 'wetterklima-naturkatastrophen')",1
"('wetterklima-naturkatastrophen', 'ändernde')",1
"('erhöht', 'naturkatastrophen')",1
"('naturkatastrophen', 'verhalten')",1
"('richtignaturkatastrophen', 'verhalten')",1
"('richtignaturkatastrophen', 'treten')",1
"('erfahren', 'katastrophenfall')",1
"('besten', 'katastrophenfall')",1
"('naturkatastrophen', 'schlimmsten')",1
"('größte', 'nuklearkatastrophe')",1
"('nuklearkatastrophe', 'vergangenen')",1
"('kombinierten', 'naturkatastrophe')",1
"('leben', 'naturkatastrophe')",1
"('bezirken', 'katastrophengebietes')",1
"('katastrophengebietes', 'sollen')",1
"('naturkatastrophe', 'schlecht')",1
"('naturkatastrophe', 'vorbereitet')",1
"('erholt.autor', 'katastrophe')",1
"('definieren', 'katastrophe')",1
"('größte', 'naturkatastrophe')",1
"('naturkatastrophe', 'weltgeschichte')",1
"('katastrophe', 'verursacht')",1
"('deutlich', 'katastrophe')",1
"('katastrophe', 'profit')",1
"('katastrophe', 'schlagen')",1
"('katastrophengebiet', 'verwandten')",1
"('katastrophengebiet', 'unterstützen')",1
"('katastrophe', 'konsequenzen')",1
"('katastrophe', 'ziehen')",1
"('japanerinnen', 'katastrophenbedingten')",1
"('ausfall', 'katastrophenbedingten')",1
"('katastrophe', 'schlimmen')",1
"('gleich', 'katastrophe')",1
"('bleiben', 'katastrophengebiet')",1
"('katastrophengebiet', 'überlebenden')",1
"('erschwert', 'katastrophengebiet')",1
"('katastrophengebiet', 'kontrollierten')",1
"('katastrophengebiet', 'nordwesten')",1
"('rss-feed.eine', 'wetterkatastrophe')",1
"('erschüttert', 'wetterkatastrophe')",1
"('katastrophenschutzbehörde', 'starben')",1
"('katastrophenschutzbehörde', 'staates')",1
"('katastrophendienst', 'sehen')",1
"('katastrophendienst', 'us-bundesstaat')",1
"('berufung', 'katastrophenschutzbehörde')",1
"('kahramanmaras', 'katastrophenschutzbehörde')",1
"('erdbebenkatastrophe', 'überlebende')",1
"('aussicht', 'erdbebenkatastrophe')",1
"('erdbeben', 'naturkatastrophen')",1
"('ausnaturkatastrophen', 'klimawandel')",1
"('ausnaturkatastrophen', 'verursachen')",1
"('klimawandel', 'naturkatastrophen')",1
"('jeworrek', 'naturkatastrophen-bilanz')",1
"('ersten', 'naturkatastrophen-bilanz')",1
"('halbjahres', 'wetterkatastrophen')",1
"('geprägt', 'wetterkatastrophen')",1
"('katastrophen', 'schäden')",1
"('katastrophen', 'usa')",1
"('2022', 'naturkatastrophen')",1
"('katastrophe', 'teuerste')",1
"('hinblick', 'katastrophe')",1
"('katastrophen', 'schweren')",1
"('betroffen', 'katastrophen')",1
"('atomkatastrophe', 'auslöste')",1
"('atomkatastrophe', 'fukushima')",1
"('gesamtschäden', 'naturkatastrophen')",1
"('ersten', 'naturkatastrophen')",1
"('ersten', 'katastrophe')",1
"('naturkatastrophen', 'ums')",1
"('unwetterkatastrophen', 'verschiedenen')",1
"('ersten', 'unwetterkatastrophen')",1
"('diagnostiziert', 'wetterkatastrophen')",1
"('hitzewellen', 'wetterkatastrophen')",1
"('naturkatastrophen', 'sein.')",1
"('naturkatastrophen', 'navidad')",1
"('naturkatastrophen', 'niño')",1
"('katastrophenfall', 'uhr')",1
"('katastrophenfall', 'last')",1
"('flutkatastrophe', 'luftbeobachter')",1
"('feuer.nach', 'katastrophenfall')",1
"('katastrophenfall', 'landrat')",1
"('kern', 'naturkatastrophe')",1
"('naturkatastrophe', 'roman')",1
"('klimakatastrophen', 'welt')",1
"('klimakatastrophen', 'romantitel')",1
"('katastrophenalarm', 'verendet.sachsen')",1
"('ausgelöstauch', 'katastrophenalarm')",1
"('dienstagmorgen', 'katastrophenalarm')",1
"('ausgelöst', 'katastrophenalarm')",1
"('katastrophenschutz', 'löschgruppenfahrzeug')",1
"('katastrophenschutz', 'schlauchwagen')",1
"('homburg', 'katastrophenschutzfahrzeuge')",1
"('bund', 'katastrophenschutzfahrzeuge')",1
"('katastrophenschutzzug', 'künftig')",1
"('katastrophenschutzzug', 'stellen')",1
"('feuer-', 'katastrophenschutz')",1
"('freistaat', 'katastrophenschutz')",1
"('katastrophenschutzzüge', 'spezielle')",1
"('katastrophenschutzzüge', 'kreisebene')",1
"('insel', 'katastrophe')",1
"('großen', 'umweltkatastrophe')",1
"('umweltkatastrophe', 'wenigen')",1
"('betroffen', 'umweltkatastrophen')",1
"('finanziell', 'umweltkatastrophen')",1
"('katastrophenschutzminister', 'stellvertretende')",1
"('katastrophenschutzminister', 'nikos')",1
"('häufig', 'katastrophen-situationen')",1
"('gesicherte', 'katastrophen-situationen')",1
"('bevölkerungshilfe', 'katastrophenschutz')",1
"('katastrophenschutz', 'weder')",1
"('katastrophenfall', 'maschinen')",1
"('katastrophenfall', 'müssten')",1
"('katastrophenfall', 'zuständig')",1
"('katastrophenfall', 'leitet')",1
"('katastrophenschutzbehörde', 'zuständige')",1
"('einsatz.vorteil', 'katastrophenschutzbehörde')",1
"('einsatzkräfte', 'eu-katastrophenschutz')",1
"('eu-katastrophenschutz', 'griechenland')",1
"('katastrophenschutzfonds', 'luftrettungsstaffel')",1
"('katastrophenschutzfonds', 'teilte')",1
"('bayernweit', 'katastrophenschutzfonds')",1
"('größte', 'katastrophenschutzübung')",1
"('katastrophenschutzübung', 'ostbayern')",1
"('brandkatastrophe', 'bäume')",1
"('brandkatastrophe', 'überstanden')",1
"('katastropheneinsatz', 'rechnung')",1
"('belief', 'katastropheneinsatz')",1
"('katastrophenschutz', 'referent')",1
"('flutkatastrophe', 'sinken')",1
"('bauern', 'katastrophe')",1
"('katastrophe', 'trotzdem')",1
"('jahr', 'katastrophe')",1
"('bereiche', 'katastrophe')",1
"('ganze', 'katastrophe')",1
"('er.mais-ernte', 'katastrophe')",1
"('bezeichnet', 'katastrophe')",1
"('hitzerekords', 'katastrophenfall')",1
"('bislang', 'katastrophen-apps')",1
"('katastrophen-apps', 'nina')",1
"('hitzewelle', 'katastrophe')",1
"('katastrophe', 'rede')",1
"('flutkatastrophe', 'mitschuld')",1
"('flutkatastrophe', 'trägt')",1
"('hochwasserkatastrophe', 'verheerende')",1
"('katastrophenwoche', 'wetterlage')",1
"('außergewöhnlich', 'katastrophenwoche')",1
"('könnten', 'umweltkatastrophen')",1
"('einhergehende', 'umweltkatastrophen')",1
"('katastrophe', 'nationalen')",1
"('erklärt', 'katastrophe')",1
"('humedica', 'katastrophenregion')",1
"('aufgebrochen.ein', 'katastrophenregion')",1
"('katastrophenschutzes', 'mitarbeiter')",1
"('angewiesen', 'katastrophenschutzes')",1
"('katastrophe', 'wiederaufbaumaßnahmen')",1
"('katastrophe', 'sammeln')",1
"('3,7', 'katastrophe')",1
"('katastrophe', 'osteuropa')",1
"('katastrophe', 'syrien')",1
"('eu-katastrophenschutzverfahren', 'eu-länder')",1
"('katastrophe', 'offenbar')",1
"('aufmerksamkeit', 'katastrophe')",1
"('katastrophenhilfe', 'martin')",1
"('gezeigt', 'katastrophenschutzbehörde')",1
"('half', 'katastrophenschutzbehörde')",1
"('katastrophe', 'stunden')",1
"('katastrophe', 'sicherheits-')",1
"('katastrophenkräfte', 'sicherheits-')",1
"('einzelnen', 'katastrophenkräfte')",1
"('erdbeben', 'katastrophenmanagement')",1
"('katastrophenmanagement', 'wahl')",1
"('katastrophe', 'wahlverhalten')",1
"('deutungshoheit', 'katastrophe')",1
"('katastrophe', 'klar')",1
"('beben', 'zelten.jahrhundertkatastrophe')",1
"('anfang', 'zelten.jahrhundertkatastrophe')",1
"('katastrophe', 'modernen')",1
"('modernen', 'naturkatastrophe')",1
"('katastrophe', 'nordwesten')",1
"('bislang', 'katastrophe')",1
"('anschläge', 'naturkatastrophe')",1
"('naturkatastrophe', 'unfall')",1
"('naturkatastrophe', 'schreckliches')",1
"('adressaten', 'naturkatastrophe')",1
"('erdbeben', 'naturkatastrophe')",1
"('erdbebenkatastrophe', 'opfer')",1
"('fast', 'katastrophe')",1
"('darunter', 'katastrophenschutz')",1
"('herausforderungen', 'katastrophenhilfe')",1
"('katastrophenschutz', 'laut')",1
"('katastrophe', 'opfer')",1
"('februar', 'katastrophe')",1
"('katastrophenregion', 'türkische')",1
"('katastrophenschutzbehörde', 'sechs')",1
"('katastrophenhilfe', 'machte')",1
"('hilfsgüter', 'katastrophengebiet')",1
"('beispiel', 'katastrophengebiet')",1
"('beben', 'erdbebenkatastrophe')",1
"('erdbebenkatastrophe', 'zwei')",1
"('elf', 'erdbebenkatastrophe')",1
"('beben', 'katastrophenregion')",1
"('erdbebenkatastrophen', 'podcast')",1
"('erdbebenkatastrophen', 'vermeidbar')",1
"('gfz', 'naturkatastrophe')",1
"('bayern', 'naturkatastrophe')",1
"('erdbeben', 'katastrophenregionrund')",1
"('katastrophenregionrund', 'zwei')",1
"('beendete', 'katastrophenschutzes')",1
"('katastrophenbehörde', 'türkischen')",1
"('größtenteils', 'katastrophenbehörde')",1
"('katastrophengebiets', 'teil')",1
"('katastrophengebiets', 'sinkt')",1
"('afad', 'katastrophenschutzes')",1
"('betroffenheit', 'erdbebenkatastrophe')",1
"('erdbebenkatastrophe', 'groß')",1
"('deutschlands', 'katastrophe')",1
"('katastrophe', 'sprache')",1
"('katastrophengebiet', 'teams')",1
"('katastrophendienst', 'türkische')",1
"('afad', 'katastrophendienst')",1
"('katastrophenschutz', 'türkischem')",1
"('katastrophenschutz', 'schwerste')",1
"('gebäude', 'katastrophenregion')",1
"('hätten', 'katastrophenregion')",1
"('blick', 'katastrophe')",1
"('erdbebenprävention', 'katastrophe')",1
"('bringt', 'katastrophengebiet')",1
"('ahlen', 'katastrophengebiet')",1
"('angehörigen', 'katastrophe')",1
"('katastrophe', 'leben')",1
"('bildern', 'katastrophe')",1
"('40.000', 'katastrophe')",1
"('aktuellen', 'erdbebenkatastrophe')",1
"('früheren', 'katastrophen')",1
"('generell', 'katastrophen')",1
"('auswirkungen', 'naturkatastrophe')",1
"('naturkatastrophe', 'schätzung')",1
"('erdbebenkatastrophe', 'zahl')",1
"('katastrophengebiet', 'offiziell')",1
"('ausnahmezustand', 'katastrophengebiet')",1
"('naturkatastrophen', 'us-dollarauf')",1
"('naturkatastrophen', 'spezialisierte')",1
"('erdbebenkatastrophe', 'verheerenden')",1
"('erdbebenkatastrophe', 'unterstützung')",1
"('naturkatastrophe', 'tödlichste')",1
"('bündnisgebiet', 'naturkatastrophe')",1
"('katastrophe', 'vertrieben')",1
"('100', 'naturkatastrophe')",1
"('naturkatastrophe', 'region')",1
"('bayern', 'katastrophe')",1
"('bedingungen', 'katastrophengebiet')",1
"('deutlich', 'katastrophengebiet')",1
"('helfe', 'katastrophe')",1
"('katastrophe', 'verarbeiten')",1
"('erdbebenkatastrophe', 'überlebenden')",1
"('deutschen', 'erdbebenkatastrophe')",1
"('flogen', 'katastrophengebiet')",1
"('katastrophe', 'lage')",1
"('aktuellen', 'katastrophenfall')",1
"('katastrophenschutzorganisation', 'zivil-')",1
"('bietet', 'katastrophenschutzorganisation')",1
"('katastrophenfall', 'präsent')",1
"('erdbebenkatastrophe', 'tod')",1
"('erdbebenkatastrophe', 'türkei')",1
"('ehrenamtlicher', 'katastrophenfall')",1
"('katastrophenfall', 'menschenleben')",1
"('erdbeben-katastrophe', 'woche')",1
"('erdbeben-katastrophe', 'türkei')",1
"('katastrophengebiet', 'windhundprinzipauch')",1
"('katastrophengebiet', 'zahlreichen')",1
"('bundesregierungneben', 'erdbebenkatastrophe')",1
"('erdbebenkatastrophe', 'sonntags-stammtisch')",1
"('katastrophenregion', 'unbürokratisch')",1
"('geborgen', 'katastrophenschutzbehörde')",1
"('katastrophengebiet', 'temperaturen')",1
"('katastrophenschutz', 'türkische')",1
"('katastrophenschutz', 'lage')",1
"('erdbeben-katastrophe', 'großschadenslagen')",1
"('erdbeben-katastrophe', 'gebe')",1
"('erdbebenkatastrophe', 'schweren')",1
"('helfern', 'katastrophenschutzbehörde')",1
"('katastrophenregion', 'kälte')",1
"('hörten', 'katastrophenregion')",1
"('katastrophenmanagement', 'unmut')",1
"('katastrophenmanagement', 'türkei')",1
"('erdbeben-katastrophe', 'syriennach')",1
"('erdbeben-katastrophe', 'rät')",1
"('dzi', 'katastrophenschutz')",1
"('katastrophenschutz', 'raten')",1
"('katastrophe', 'wfp')",1
"('katastrophe', 'wegen')",1
"('katastrophengebiet', 'lage')",1
"('beiderseits', 'katastrophengebiet')",1
"('bevölkerung', 'katastrophe')",1
"('katastrophe', 'un-angaben')",1
"('erkannt', 'katastrophe')",1
"('katastrophenregion', 'menschen')",1
"('katastrophenregion', 'warten')",1
"('damaligen', 'katastrophe')",1
"('katastrophe', 'schlüsse')",1
"('katastrophe', 'sehen')",1
"('hätte', 'katastrophe')",1
"('besseren', 'katastrophenschutz')",1
"('erarbeiten', 'katastrophenschutz')",1
"('katastrophen', 'tun')",1
"('besser', 'katastrophen')",1
"('katastrophengebiet', 'provinz')",1
"('katastrophenschutz', 'rettungskräftewie')",1
"('katastrophenschutzmechanismus', 'rahmen')",1
"('botschafter', 'katastrophenschutzmechanismus')",1
"('arbeit', 'erdbeben-katastrophe')",1
"('erdbeben-katastrophe', 'erfahren')",1
"('katastrophengebiet', 'syrische')",1
"('angaben', 'katastrophengebiet')",1
"('bürgerkriegs', 'katastrophengebiet')",1
"('katastrophengebiet', 'norden')",1
"('erlassen', 'katastrophenschutzorganisation')",1
"('afad', 'katastrophenschutzorganisation')",1
"('katastrophen', 'unterliegt')",1
"('katastrophen', 'sogenannte')",1
"('katastrophengebiet', 'sondierungsteam')",1
"('entsenden', 'katastrophengebiet')",1
"('katastrophenschutzbehörde', 'zuständigen')",1
"('katastrophenhilfe', 'organisationen')",1
"('katastrophenhilfe', 'stark')",1
"('katastrophen-hilfswerk', 'medizinische')",1
"('katastrophen-hilfswerk', 'mhw')",1
"('abzusehen', 'katastrophe')",1
"('erdbebenkatastrophe', 'menschen')",1
"('betroffen', 'erdbebenkatastrophe')",1
"('naturkatastrophe', 'schlaf')",1
"('naturkatastrophe', 'wissen')",1
"('2.921', 'katastrophenschutzbehörde')",1
"('angaben', 'katastrophenschutzbehörde')",1
"('aufnahmen', 'katastrophengebiet')",1
"('bereitzustellen', 'katastrophengebiet')",1
"('europa', 'katastrophenfällen')",1
"('katastrophenhilfe', 'stellte')",1
"('katastrophenhilfe', 'türkei')",1
"('grenzgebiet', 'katastrophenschutz-mechanismus')",1
"('aktiviert', 'katastrophenschutz-mechanismus')",1
"('europäischer', 'katastrophenschutz')",1
"('eu-länder', 'katastrophenschutz')",1
"('2001', 'katastrophenschutz-verfahren')",1
"('600', 'katastrophenschutz-verfahren')",1
"('angriffskriegs', 'katastrophenschutz')",1
"('bereichen', 'katastrophenschutz')",1
"('erstes', 'katastrophengebiet')",1
"('allgäuer', 'katastrophengebiet')",1
"('bnpb', 'katastrophenschutzbehörde')",1
"('katastrophengebiet', 'versprach')",1
"('indonesische', 'katastrophenschutzbehörde')",1
"('katastrophenschutzbehörde', 'sprach')",1
"('stadionkatastrophe', 'zählung')",1
"('malang', 'stadionkatastrophe')",1
"('beschädigt', 'katastrophenschutzbehörde')",1
"('katastrophenmanagement', 'staatsminister')",1
"('katastrophenmanagement', 'scharafuddin')",1
"('katastrophe', 'verhindern')",1
"('atomkraft', 'reaktorkatastrophe')",1
"('japanischen', 'reaktorkatastrophe')",1
"('atomkatastrophe', 'bedeutete')",1
"('atomkatastrophe', 'zehn')",1
"('bekannt', 'naturkatastrophen')",1
"('anweisungen', 'katastrophenschutzes')",1
"('katastrophenschutzes', 'rundschau-magazin')",1
"('katastrophe', 'zahlreichen')",1
"('betroffenen', 'katastrophe')",1
"('augen', 'katastrophe')",1
"('abgesehen', 'katastrophe')",1
"('katastrophe', 'rolle')",1
"('flutkatastrophe', 'orkanekosten')",1
"('erschwert', 'katastrophenzustand')",1
"('katastrophenzustand', 'mehreren')",1
"('bertioga', 'katastrophenzustand')",1
"('ausgerufen', 'katastrophenzustand')",1
"('katastrophenschutzminister', 'sagte')",1
"('katastrophenschutzminister', 'kieran')",1
"('bedeutende', 'katastrophe')",1
"('katastrophe', 'realen')",1
"('biden', 'katastrophenzustand')",1
"('katastrophenzustand', 'us-bundesstaat')",1
"('erklärung', 'katastrophenzustands')",1
"('kalifornien', 'katastrophenzustands')",1
"('naturkatastrophen', 'versicherungsprämien')",1
"('hochwasserkatastrophe', 'schäden')",1
"('fatale', 'katastrophe')",1
"('biblischen', 'katastrophe')",1
"('.zum', 'katastrophe')",1
"('katastrophenschutzbehörde', 'können.kolumbiens')",1
"('katastrophenschutzbehörde', 'meldete')",1
"('katastrophe', 'spricht')",1
"('katastrophe', 'papst')",1
"('katastrophe', 'sprach')",1
"('flutkatastrophe', 'gleich')",1
"('katastrophenfall', 'werden.kein')",1
"('katastrophenfall', 'weniger')",1
"('dafür', 'katastrophenfall')",1
"('gottseidank', 'katastrophenfall')",1
"('hochwasserkatastrophen', 'weiteren')",1
"('führen', 'hochwasserkatastrophen')",1
"('klimakatastrophe', 'vorhergesagt')",1
"('klimakatastrophe', 'sofort')",1
"('flutkatastrophe', 'klimawandel')",1
"('flutkatastrophe', 'spieltedie')",1
"('katastrophenschutz', 'warnungen')",1
"('katastrophenschutz', 'zuständigen')",1
"('katastrophenschutzwarnungen', 'neben')",1
"('katastrophenschutzwarnungen', 'nützliche')",1
"('katastrophenwarnungen', 'regionalen')",1
"('katastrophenwarnungen', 'münchen')",1
"('katastrophenschutzbehörde', 'westbengalen')",1
"('drei', 'katastrophenfällen')",1
"('jahren', 'katastrophenfällen')",1
"('katastrophe', 'waldbesitzer')",1
"('kapiert', 'katastrophe')",1
"('gewesene', 'katastrophe')",1
"('große', 'naturkatastrophen')",1
"('blieben', 'naturkatastrophen')",1
"('katastrophenschutzbehörden', 'nina')",1
"('katastrophenschutzbehörden', 'verfügung')",1
"('katastrophen-app', 'oberbayern')",1
"('katastrophen-app', 'katwarn')",1
"('katastrophenmeldungen', 'vermeintliche')",1
"('katastrophenmeldungen', 'wlan-sicherheitslücke')",1
"('katastrophenschutzes', 'sprecherin')",1
"('bezirk', 'katastrophenschutzes')",1
"('katastrophenfall', 'mal')",1
"('ausgelöst', 'katastrophenfall')",1
"('behörde', 'katastrophenmanagement')",1
"('katastrophenmanagement', 'schätzt')",1
"('katastrophengebieten', 'trump')",1
"('jedoch', 'katastrophengebieten')",1
"('betroffenen', 'unwetterkatastrophe')",1
"('hohen', 'unwetterkatastrophe')",1
"('katastrophe', 'super-gau')",1
"('katastrophe', 'neben')",1
"('häufigkeit', 'naturkatastrophen')",1
"('naturkatastrophen', 'nimmt')",1
"('forschern', 'naturkatastrophen')",1
"('naturkatastrophenschäden', 'steigende')",1
"('erde', 'naturkatastrophenschäden')",1
"('katastrophen', 'waldbrände')",1
"('katastrophe', 'schwerwiegendste')",1
"('katastrophe', 'vergangenen')",1
"('naturkatastrophen', 'ortschaften')",1
"('naturkatastrophen', 'versicherungen')",1
"('jahrzehnten', 'naturkatastrophen')",1
"('daten', 'naturkatastrophen')",1
"('naturkatastrophenschäden', 'stelle')",1
"('folgt', 'naturkatastrophenschäden')",1
"('größer', 'naturkatastrophen')",1
"('mittlerweile', 'naturkatastrophen')",1
"('dolomiten-katastrophe.vorfälle', 'vermissten')",1
"('dolomiten-katastrophe.vorfälle', 'marmolata')",1
"('katastrophe', 'klimaschutzwende')",1
"('katastrophe', 'zusteuert')",1
"('große', 'katastrophen')",1
"('gletscherschmelze', 'katastrophen')",1
"('hoch.erneute', 'katastrophe')",1
"('beunruhigende', 'katastrophe')",1
"('katastrophe', 'warum')",1
"('damals', 'katastrophe')",1
