"Word,""Frequency"""
('gefahr', 'lawinen'),10
('lawinen', 'müssen'),10
('erfasst', 'lawine'),9
('bayern', 'lawinenwarndienst'),8
('lawine', 'mitgerissen'),7
('laut', 'lawinenwarndienst'),6
('alpen', 'lawinengefahr'),5
('lawine', 'verschüttet'),5
('lawinengefahr', 'mäßige'),5
('lawine', 'skifahrer'),5
('lawinen', 'muren'),5
('eis', 'lawine'),5
('mehrere', 'schlammlawinen'),5
('abgehen', 'lawinen'),4
('erhebliche', 'lawinengefahr'),4
('lawine', 'unterwegs'),4
('lawinenwarndienstes', 'leiter'),4
('lawinenschutz', 'technischer'),4
('lawine', 'sonntagmittag'),3
('lawinengefahr', 'schnee'),3
('lawine', 'schnee'),3
('lawinenlagebericht', 'lesen'),3
('auslösen', 'lawine'),3
('bayerischen', 'lawinenwarndienst'),3
('großer', 'lawinengefahr'),3
('entstehen', 'lawinen'),3
('allgäuer', 'lawinengefahr'),3
('angaben', 'lawinenwarndienstes'),3
('gelöst', 'lawine'),3
('abgegangen', 'lawine'),3
('erdrutsch', 'schlammlawine'),3
('lawinenforschung', 'schnee-'),3
('auswirkungen', 'lawinenabganges'),3
('lawinenkunde', 'strategische'),3
('lawine', 'massive'),3
('machten', 'schlammlawinen'),3
('gerölllawinen', 'schlamm-'),2
('abgegangen', 'gerölllawinen'),2
('schlammlawine', 'verzweiflung'),2
('schlammlawine', 'wälzt'),2
('geröll-lawine', 'siloballen'),2
('geröll-lawine', 'rollt'),2
('schlammlawine', 'starkregen'),2
('schlammlawine', 'wohnräume'),2
('hochwasser', 'lawinenabgänge'),2
('erdbeben', 'lawinenabgänge'),2
('ansteigen', 'lawinengefahr'),2
('lockerschneelawinen', 'schneebretter'),2
('allgäudie', 'lawinengefahr'),2
('lawine', 'schlamm'),2
('lawinengefahr', 'oberhalb'),2
('begraben', 'lawine'),2
('artikel', 'lawinengefahr'),2
('dritten', 'lawine'),2
('gams', 'lawine'),2
('beim', 'lawinenwarndienst'),2
('lawine', 'rollen'),2
('gewarnt', 'lawinengefahr'),2
('genau', 'lawinenlagebericht'),2
('gefährlich', 'lawinengefahr'),2
('lawine', 'menschen'),2
('erhöhter', 'lawinengefahr'),2
('lawinenabgang', 'minuten'),2
('lawinengefahr', 'steigt'),2
('lawine', 'schneebrett'),2
('lawine', 'wintersportler'),2
('lawinenlagebericht', 'pflichtlektüre'),2
('lawinenschaufel', 'sonde'),2
('lawinengefahr', 'samstag'),2
('lawine', 'ums'),2
('artikel', 'lawinen'),2
('abgegangen', 'lawinen'),2
('bayerischen', 'lawinenwarnzentrale'),2
('geboten', 'lawinen'),2
('könnten', 'lawinen'),2
('altschneedecke', 'lawinensituation'),2
('lawinensituation', 'voraussichtlich'),2
('hauptproblem', 'lawinengefahr'),2
('lawinengefahr', 'wind'),2
('lawinenwarndienstes', 'tirol'),2
('britin', 'lawine'),2
('lawinenunglück', 'österreich'),2
('plötzlich', 'schneebrettlawine'),2
('gelöst', 'schneebrettlawine'),2
('alpen', 'lawine'),2
('lawinen', 'sicher'),2
('angaben', 'lawinengefahr'),2
('lawine', 'vorarlberg'),2
('bayern', 'lawinenkommissionen'),2
('lawinengefahr', 'straßen'),2
('erstellt', 'lawinenwarndienst'),2
('lawinen-unglück', 'tödlichen'),2
('italienischen', 'lawinen-unglück'),2
('chancen', 'lawinenmasse'),2
('lawinenmasse', 'menschen'),2
('lawinen', 'weitere'),2
('ausschließen', 'lawinen'),2
('gesperrt.nach', 'lawinenunglück'),2
('kleidung', 'lawinenunglück'),2
('eislawine', 'marmolata'),2
('300', 'eislawine'),2
('langen', 'lawinenzunge'),2
('lawinenzunge', 'schwierig'),2
('kleinere', 'lawine'),2
('lawinenkatastrophe', 'machte'),2
('klimawandel', 'lawinenkatastrophe'),2
('draghi.lawine', 'unterstrich'),2
('draghi.lawine', 'festgesetzt'),2
('geborgen', 'lawine'),2
('lawinen', 'schnee'),2
('lawine', 'überrascht'),2
('lawine', 'löst'),2
('alpenraum', 'lawinengefahr'),2
('bayerische', 'lawinenwarndienst'),2
('lawinen', 'vulkanausbrüche'),2
('erd-', 'lawinen'),2
('schlammlawine', 'überschwemmung'),2
('erdrutschen', 'lawinen'),2
('große', 'lawinen'),2
('kommen', 'lawinen'),2
('lockerschneelawinen', 'nasse'),2
('entstehung', 'lawine'),2
('lawinenforschung', 'slf'),2
('lawinenkommissionen', 'örtliche'),2
('aktive', 'lawinenschutzmaßnahmen'),2
('1999', 'lawinenunglück'),2
('dramatische', 'kostenlawine'),2
('schlammlawinen', 'überschwemmungen'),2
('davon', 'schlammlawinen'),2
('schlammlawinen', 'weniger'),1
('hoffen', 'schlammlawinen'),1
('erosion', 'schlammlawinen'),1
('bekämpfen', 'schlammlawinen'),1
('schlammlawinen', 'wohngebietevon'),1
('schlammlawinen', 'schlimmsten'),1
('schlammlawine', 'schwappte'),1
('darunter', 'schlammlawine'),1
('gehabt', 'schlammlawine'),1
('haus', 'schlammlawine'),1
('lawinengefahr', 'neuschneemengen'),1
('oberstdorf', 'schlammlawine'),1
('2015', 'schlammlawine'),1
('lawinenwarnstufe', 'prognostiziert.nach'),1
('5vom', 'lawinenwarnstufe'),1
('alpen', 'lawinenwarnstufe'),1
('lawinenwarnstufe', 'vier'),1
('heißt', 'lawinen'),1
('lawinen', 'lösen'),1
('lawinenwarnstufe', 'sorgt'),1
('lawinenwarnstufe', 'tieferen'),1
('lockerschneelawinen', 'schon'),1
('kommen', 'lawinenbeobachter'),1
('kristian', 'lawinenbeobachter'),1
('davon', 'lawinensituation'),1
('angespannt', 'lawinensituation'),1
('allerhöchste', 'lawinenwarnstufe'),1
('erreicht', 'lawinenwarnstufe'),1
('empfehlung', 'lawinenwarndienst'),1
('abseits', 'lawinenwarndienst'),1
('erreicht', 'lawinenabgang'),1
('kals', 'lawinenabgang'),1
('groß.mit', 'lawinengefahr'),1
('lawinengefahr', 'regenrückgangs'),1
('lawinengefahr', 'morgen'),1
('lawinen', 'störanfällig'),1
('lawinen', 'weiterhin'),1
('lawinengefahr', 'nimmt'),1
('lawinengefahr', 'pegel'),1
('2015', 'lawine'),1
('informiert', 'lawinenabgang'),1
('lawinenabgang', 'norditalienischen'),1
('lawine', 'teilgenommen'),1
('aufgenommen', 'lawinengefahr'),1
('lawinengefahr', 'teils'),1
('lawinen', 'meist'),1
('heißt', 'lawinenlagebericht.lawinenwarndienst'),1
('bayern', 'lawinenlagebericht.lawinenwarndienst'),1
('lawinenlageberichten', 'links'),1
('alpenregionen', 'lawinenlageberichten'),1
('dpa', 'lawine'),1
('große', 'lawine'),1
('großer', 'lawine'),1
('lawine', 'präfektur'),1
('100', 'lawine'),1
('großen', 'lawine'),1
('lawine', 'rede'),1
('lawinen-abgangs', 'video-aufnahmen'),1
('lawinen-abgangs', 'lawinenabgang'),1
('lawinenabgang', 'österreichischen'),1
('lawinenwarnbericht', 'sachsen-anhalt.zum'),1
('alpenlawinenabgang', 'lawinenwarnbericht'),1
('alpenlawinenabgang', 'schruns'),1
('komplett', 'lawine'),1
('lawine', 'selbstständig'),1
('knapp', 'lawine'),1
('beteiligt.erhebliche', 'lawinengefahr'),1
('lawinengefahr', 'unglückszeitpunktzu'),1
('lawinengefahr', 'wegen'),1
('lawinenausrüstung', 'vollständiger'),1
('lawinenausrüstung', 'ortung'),1
('lawinenairbags', 'trugen'),1
('dabei', 'lawinenairbags'),1
('lawinenunglück', 'passau'),1
('lawinenunglück', 'rocky'),1
('lawine', 'wirdverunglückte'),1
('.hergang', 'lawinenunglücks'),1
('lawinenunglücks', 'weitestgehend'),1
('hergang', 'lawinenunglücks'),1
('lawinenunglücks', 'wisse'),1
('amt', 'lawine'),1
('ausgelöst', 'lawine'),1
('lawine', 'verschüttete'),1
('lawine', 'mittwoch'),1
('lawine', 'tote'),1
('kanada', 'lawine'),1
('lawine', 'nachfrage'),1
('erfasst.auftrag', 'lawine'),1
('lawine', 'versehentlich'),1
('auslöst', 'lawine'),1
('beinahe', 'lawine'),1
('lawine', 'pisten'),1
('lawinenlage', 'tourengeher'),1
('lawinenlage', 'richtig'),1
('lawinenlagebericht', 'richtigeinen'),1
('lawinenparagrafen', 'richtigeinen'),1
('italienfast', 'lawinenparagrafen'),1
('fremdgefährdung', 'lawine'),1
('beschäftigt', 'lawine'),1
('einzugsgebiet', 'lawine'),1
('gebäude', 'lawine'),1
('lawine', 'praxis'),1
('gleich', 'lawine'),1
('lawinenschaufel', 'wer'),1
('lawinenschaufel', 'lawinenverschütteten-suchgerät'),1
('lawinenverschütteten-suchgerät', 'lvs'),1
('gleichermaßen', 'lawine'),1
('häufigen', 'lawinen'),1
('lawinen', 'wildtiere'),1
('lawinenrinnen', 'sogenannten'),1
('aufhalten', 'lawinenrinnen'),1
('lawinen', 'zuletzt'),1
('bringen', 'lawinen'),1
('lawinenlagebericht', 'neuen'),1
('lawinenlagebericht', 'wer'),1
('lawine', 'sorge'),1
('bewegen', 'lawinengefahr'),1
('lawinengefahr', 'unterschätzen'),1
('deutsche', 'lawinenwarndienst'),1
('entspricht', 'lawinengefahr'),1
('erheblichen', 'lawinengefahr'),1
('angebracht', 'lawinenwarndienst'),1
('einschätzung', 'lawinengefahr'),1
('erheblich.zum', 'lawinengefahr'),1
('artikel', 'lawinenunglück'),1
('lawinenunglück', 'zugspitze'),1
('lawinen-ausrüstung', 'richtige'),1
('lawinen-ausrüstung', 'problematisch'),1
('könnten', 'schneebrettlawine'),1
('auslösen', 'schneebrettlawine'),1
('beim', 'lawinenwarndienst.das'),1
('lawinenwarndienst.das', 'wichtigste'),1
('anschauen', 'lawinengefahr'),1
('beurteilt', 'lawinengefahr'),1
('lawinensuchgerät', 'sollten'),1
('lawinensuchgerät', 'sonde'),1
('lawinen-rucksack', 'vielleicht'),1
('lawinen-rucksack', 'luftkissen'),1
('lawinentoten', 'zehn'),1
('lawinentoten', 'österreichischen'),1
('dabei', 'lawinenwarndienste'),1
('lawinenwarndienste', 'vorfeld'),1
('lawinenlagebericht', 'wetter-'),1
('angespannter', 'lawinenlage'),1
('berg', 'lawinenlage'),1
('lawinengefahr', 'sinkt'),1
('intensiven', 'lawinengefahr'),1
('lawinen', 'tagen'),1
('groß', 'lawinen'),1
('lawinen', 'wäldern'),1
('lawinen', 'schneeverhältnissen'),1
('lawine', 'rettung'),1
('entscheidend', 'lawine'),1
('gruppe', 'lawinenverschütteten-suchgerät'),1
('lawinenverschütteten-suchgerät', 'sonde'),1
('lawine', 'überlebenswichtig'),1
('lawine', 'zugspitzgebiet'),1
('lawine', 'sofortmaßnahmen'),1
('lawine', 'rettungskräfte'),1
('dürfen', 'lawinengefahr'),1
('gestellt', 'lawinenabgang'),1
('gestellt', 'lawinenairbags'),1
('bieten', 'lawinenairbags'),1
('aktuellen', 'lawinenlage'),1
('lawinenlage', 'wintersport-treibende'),1
('informieren', 'lawinenwarndienste'),1
('geben', 'lawinenwarndienste'),1
('lawinenwarnstufe', 'steht'),1
('lawinenwarnstufe', 'vieles'),1
('erhält', 'lawinenlagebericht'),1
('lawinenlagebericht', 'täglich'),1
('bericht', 'lawine.report'),1
('lawine.report', 'lawinenlagebericht'),1
('lawinen', 'schneemassen'),1
('lawinen', 'weniger'),1
('es.temperaturunterschiede', 'lawinen'),1
('lawinengefahr', 'schneedecke'),1
('bricht', 'lawine'),1
('lawinenarten', 'unterschiedlichen'),1
('lawinenarten', 'schneebretter'),1
('lawinenabgängen', 'risiko'),1
('gefährdet', 'lawinenabgängen'),1
('gelände', 'lawinenrisiko'),1
('höchsten', 'lawinenrisiko'),1
('lawinenunfälle', 'tödlichen'),1
('lawinenunfälle', 'schwankt'),1
('100', 'lawinentote'),1
('lawinentote', 'pro'),1
('lawine', 'wirdein'),1
('lawinenlagebericht', 'wetterbericht'),1
('grundlegende', 'lawinenlagebericht'),1
('informationsquelle', 'lawinengefahr'),1
('besten', 'lawinengefahr'),1
('lawinenlagebericht', 'wetter'),1
('dagegensprechen', 'lawinenlagebericht'),1
('gehört', 'lawinenverschüttetensuchgerät'),1
('lawinenverschüttetensuchgerät', 'lvs'),1
('funksignale', 'lawinenunfall'),1
('lawinenunfall', 'schaltet'),1
('beschleunigen.eine', 'lawinenschaufel'),1
('augenzeuge', 'lawinenunglücks'),1
('großen', 'lawinenunglücks'),1
('lawinenwarnstufe', 'zweithöchste'),1
('lawinenwarnstufe', 'trotz'),1
('lawinen-tote', 'trifftacht'),1
('lawinen-tote', 'wochenende'),1
('lawinenabgängen', 'schneefällen'),1
('lawinenabgängen', 'ums'),1
('lawinenabgang', 'starben'),1
('lawinenabgang', 'schweiz'),1
('große', 'lawinengefahr.lawine'),1
('lawinengefahr.lawine', 'reißt'),1
('fahrzeug', 'lawine'),1
('lawine', 'leblos'),1
('lawine', 'opfer'),1
('hohen', 'lawinengefahr'),1
('lawine', 'männer'),1
('hoch', 'lawinen'),1
('gründe', 'lawinenunfälle'),1
('arlberg', 'lawinenunfälle'),1
('lawinenabgang', 'wintersportler'),1
('abseits', 'lawinenabgang'),1
('15-jähriger', 'lawine'),1
('lawinenabgang', 'südtirol'),1
('lawinenabgang', 'ums'),1
('2.200', 'lawine'),1
('lawinengefahr', 'stark'),1
('lawinenabgänge', 'tirol'),1
('gemeldet', 'lawinenabgänge'),1
('lawinen', 'vermehrt'),1
('lawinenwarndienst', 'teilte'),1
('lawinenwarndienst', 'lwd'),1
('lawinengefahr', 'warnt'),1
('groß', 'lawinengefahr'),1
('lawinen', 'worden'),1
('lawinengefahr', 'pisten'),1
('jedoch', 'lawinengefahr'),1
('lawinengefahr', 'tatsächlich'),1
('besteht.hier', 'lawinengefahr'),1
('geht', 'lawinenwarndienst'),1
('bayernauch', 'lawinenwarndienst'),1
('lawinengefahrin', 'wegen'),1
('lawinengefahrin', 'österreich'),1
('lawinengefahr', 'straßenverkehr'),1
('beeinträchtigt', 'lawinengefahr'),1
('lawinenwarnzentrale', 'teilte'),1
('freitag', 'lawinensituation'),1
('bleibt', 'lawinensituation'),1
('bleiben.ausführliche', 'lawinenlage'),1
('beim', 'lawinenlage'),1
('hochalpendie', 'lawinengefahr'),1
('groß', 'lawinenwarndienst'),1
('erheblich', 'lawinengefahr'),1
('hochalpen', 'lawinenwarndienstes'),1
('schneebrettlawinen', 'skifahrer'),1
('ausgelöst', 'schneebrettlawinen'),1
('lawinen', 'mulden'),1
('erreichen', 'lawinen'),1
('form', 'lockerschneelawinen'),1
('lockerschneelawinen', 'lösen'),1
('ansteigen', 'lawinenwarndienst'),1
('großer', 'lawinengefahrauch'),1
('lawinengefahrauch', 'österreich'),1
('lawinengefahr', 'weiten'),1
('erhöhte', 'lawinenaktivität'),1
('lawinenaktivität', 'sagte'),1
('lawinenwarndienstes', 'sprecher'),1
('hieß', 'lawinenabgang'),1
('gosau', 'lawinenabgang'),1
('laut', 'lawinenwarnzentrale'),1
('erhöhte', 'lawinenwarnzentrale'),1
('bleiben.große', 'lawinengefahr'),1
('bayerischen', 'lawinengefahr'),1
('lawine', 'zugspitze'),1
('lawine', 'verschütteterst'),1
('lawine', 'skitourengeher'),1
('dienstag', 'lawinenabgang'),1
('gekommen', 'lawinenabgang'),1
('lawinenverschütteten-gerät', 'per'),1
('konnten', 'lawinenverschütteten-gerät'),1
('ausgraben', 'lawinenabgang'),1
('krankenhaus.lawinenrettung', 'mann'),1
('krankenhaus.lawinenrettung', 'minute'),1
('gerettet.bei', 'lawinenrettung'),1
('lawinenrettung', 'zählt'),1
('lawinengefahr', 'schneeverwehungen'),1
('lawinengefahren', 'unterwegs'),1
('auskennen', 'lawinengefahren'),1
('erkennen', 'lawinenkurse'),1
('lawinenkurse', 'schaffen'),1
('grundlagen', 'lawinenkunde'),1
('lawinenkunde', 'lernt'),1
('gehört', 'lawinenlagebericht'),1
('lawinenlagebericht', 'verstehen'),1
('lawinengefahr', 'mäßiger'),1
('erklärt', 'lawinengefahr'),1
('lawinenlage', 'wetter-'),1
('lawinenlage', 'prüfen'),1
('geplant', 'lawinengefahr'),1
('lawinen-verunfallten', 'prozent'),1
('lawinen-verunfallten', 'männer'),1
('lawinengefahr', 'möglicher'),1
('frauen', 'lawinengefahr'),1
('lawinensituationen', 'müssen'),1
('lawinensituationen', 'wieder-'),1
('lawinenlage', 'wetterbericht'),1
('lawinenlage', 'tourenbeschreibung'),1
('gelände', 'lawinenabgänge'),1
('lawinenabgänge', 'ähneln'),1
('lawinenwarndienstes', 'rudi'),1
('lawinensituationen', 'mair'),1
('lawinensituationen', 'ständig'),1
('hilft', 'lawinengefahr'),1
('lawinengefahr', 'reduzieren'),1
('erneut', 'lawinenabgängen'),1
('gekommen', 'lawinenabgängen'),1
('lawinen', 'pisten'),1
('hoch', 'lawinengefahr'),1
('gründe', 'lawinengefahr'),1
('dav', 'lawinengefahr'),1
('bayern', 'lawinengefahr'),1
('hauptlawinenproblem', 'vorhanden'),1
('derzeit', 'hauptlawinenproblem'),1
('abgehen', 'lawine'),1
('lawinen', 'steil'),1
('lawinen', 'relativ'),1
('auslösung', 'lawine.der'),1
('lawine.der', 'triebschnee'),1
('lawinenprobleme', 'typischen'),1
('internationale', 'lawinenprobleme'),1
('lawinenwarndienste', 'stehen'),1
('europäischer', 'lawinenwarndienste'),1
('europäische', 'lawinengefahrenstufenskala.sicherheitstipps'),1
('berg-', 'lawinengefahrenstufenskala.sicherheitstipps'),1
('aktuellen', 'lawinenlagebericht'),1
('lawinenlagebericht', 'llb'),1
('lawinenprobleme', 'ursache'),1
('lawinenprobleme', 'warum'),1
('lawinengefahrenstufe', 'vorliegende'),1
('hangneigung', 'lawinengefahrenstufe'),1
('lawinengefahr', 'werden.aktuelle'),1
('informationenfür', 'lawinengefahr'),1
('amtliche', 'lawinenwarndienst'),1
('lawinenwarndienst', 'referats'),1
('lawinenbulletin', 'liefert'),1
('lawinenbulletin', 'online'),1
('lawinenvorhersage', 'schnee'),1
('italien.lawinenunglücke', 'lawinenvorhersage'),1
('italien.lawinenunglücke', 'wochenendebei'),1
('lawinenunglück', 'wochenendebei'),1
('dpa', 'lawinenunglück'),1
('lawinenunglück', 'ähnliches'),1
('lawinenunglück', 'weihnachtendrei'),1
('konnten', 'lawine'),1
('ausfahren', 'lawine'),1
('lawinenairbags', 'rucksäcke'),1
('lawinenairbags', 'weihnachten'),1
('lawinenunglück', 'nähe'),1
('gegeben', 'lawinenunglück'),1
('lawine', 'stirbt'),1
('lawine', 'mont'),1
('lawine', 'verschüttetaufsehen'),1
('erregte', 'lawine'),1
('fünf', 'lawine'),1
('brustkorbes', 'lawinenabgang'),1
('lawinenabgang', 'österreich'),1
('demnach', 'lawinenwarnstufe'),1
('lawinenwarnstufe', 'mäßige'),1
('lawinengefahr', 'mitteilung'),1
('erheblicher', 'lawinengefahr'),1
('lawinengefahr', 'rede'),1
('geübt', 'lawine'),1
('lawine', 'meter'),1
('lawine', 'soldaten'),1
('erfasstinsgesamt', 'lawine'),1
('gebirgsjäger', 'lawinenunglück'),1
('lawinenunglück', 'überrascht'),1
('lawine', 'übung'),1
('lawinenwarndienst', 'tiroler'),1
('erheblichen', 'lawinenwarndienst'),1
('felslawine', 'tirol'),1
('felslawine', 'getötet'),1
('herrsche', 'lawinengefahr'),1
('lawine', 'lech/zürs'),1
('lawinenabgang', 'sehen'),1
('lawinenabgang', 'vorarlberg'),1
('bleiben.lawinenkommissionen', 'pisten'),1
('analysieren', 'bleiben.lawinenkommissionen'),1
('eigene', 'lawinenkommission'),1
('lawinenkommission', 'regel'),1
('lawinen-experten', 'regel'),1
('lawinen-experten', 'mitgliedern'),1
('lawinengefahr', 'skipisten'),1
('heiklem', 'lawinengefahr'),1
('bilden', 'lawinenlageberichte'),1
('lawinenlageberichte', 'lawinenwarndienst'),1
('lawine', 'zuvor'),1
('lawine', 'zehn'),1
('bayern', 'lawinenwarndienstes'),1
('erstellten', 'lawinenlageberichte'),1
('gehen', 'lawinenlageberichte'),1
('lawinenkommissionendie', 'sorgfaltspflicht'),1
('lawinenkommissionendie', 'mitglieder'),1
('lawinenkommissionen', 'mitglieder'),1
('lawinenkommissionen', 'skigebieten'),1
('lawinenlageberichte', 'nutzen'),1
('informationsgrundlage', 'lawinenlageberichte'),1
('lawinen', 'wetter'),1
('einschätzen', 'lawinen'),1
('lawinenkommissionen', 'sprengungen'),1
('lawinenkommissionen', 'obliegt'),1
('lawinenunglücke', 'tödliche'),1
('lawinenunglücke', 'skipisten'),1
('lawinenabgang', 'schnalstal'),1
('lawinenabgang', 'verletzten'),1
('lawinenabgang', 'ursachen'),1
('lawinenabgang', 'unterschiedlich'),1
('lawine', 'schneeschuhwanderer'),1
('lawine', 'skigebiet'),1
('lawinen', 'skipisten'),1
('lawinenunglück', 'vorarlberg'),1
('ersten', 'lawinenunglück'),1
('lawinenwarnstufe', 'weiterhin'),1
('allgäuer', 'lawinenwarnstufe'),1
('lawinengefahr', 'werdenfelser'),1
('großen', 'lawinen'),1
('gefährlich', 'lawinen'),1
('gefahr', 'lawine'),1
('lawine', 'tieferen'),1
('lawinenabgang', 'weggewaschen'),1
('arlberg', 'lawinenabgang'),1
('innsbruck', 'lawinenabgang'),1
('lawinenabgang', 'zürs'),1
('lawinenkegel', 'scheinwerfer'),1
('lawinenkegel', 'piste'),1
('lawine', 'personen'),1
('beteiligung', 'lawinenunfall'),1
('lawinenunfall', 'zunächst'),1
('erhebliche', 'lawinengefahram'),1
('lawinengefahram', 'sonntag'),1
('arlberg', 'lawinengefahr'),1
('jedoch', 'lawinenwarndienstes'),1
('erheblich.dass', 'lawinen'),1
('lawine', 'überleben'),1
('kurzem', 'lawine'),1
('lawinenlagebericht', 'richtig'),1
('artikel', 'lawine'),1
('lawine', 'österreich'),1
('lawine', 'niedergegangen'),1
('lawine', 'niedergehenden'),1
('lawine', 'rausgekommen'),1
('lawinensuchhunden', 'suchmannschaften'),1
('einsatz', 'lawinensuchhunden'),1
('einsatz', 'lawinenkegel'),1
('lawinenkegel', 'suche'),1
('lawinengefahr', 'schneefällen'),1
('lawinengefahr', 'zugleich'),1
('erheblich.mit', 'lawinenwarndienstes'),1
('auszurutschen', 'lawinengefahr'),1
('lawinengefahr', 'vier'),1
('bayern', 'lawinen'),1
('lawinen', 'zwei'),1
('lawinenausrüstung', 'winter'),1
('lawinenausrüstung', 'ratsam'),1
('lawinenschaufel', 'verschüttetensuchgerät'),1
('lawinenlagebericht', 'richtigim'),1
('land', 'lawinenwarndienst'),1
('lawinenwarndienst', 'nimmt'),1
('lawinengefahr', 'örtliche'),1
('lawinengefahr', 'ramsau'),1
('internet-tool', 'lawinewarndienstes'),1
('la.dok', 'lawinewarndienstes'),1
('la.dok', 'lawinenlagebericht'),1
('besser', 'lawinenlagebericht'),1
('lawinenwarnkommissionen', 'mitglieder'),1
('bayern', 'lawinenwarnkommissionen'),1
('eingesetzt', 'lawinenkommissionen'),1
('daten', 'lawinengefahr'),1
('freigegeben', 'lawinenwarnstufe'),1
('lawinenwarnstufe', 'leben'),1
('lawinenlagebericht', 'täglichen'),1
('lawinenlagebericht', 'übermitteln'),1
('erstellung', 'lawinenlageberichts'),1
('lawinenlageberichts', 'sagt'),1
('lawinenwarndienstes', 'thomas'),1
('bekannten', 'lawinenhängen'),1
('lawinenhängen', 'melden'),1
('lawinenwarndienst', 'melden'),1
('lawinenunglücken', 'skitourengeher'),1
('lawinenunglücken', 'ums'),1
('lawinenlageberichts', 'täglichen'),1
('erstellt', 'lawinenlageberichts'),1
('alpen', 'lawinenkommissionen'),1
('informieren', 'lawinenkommissionen'),1
('lawinengefahr', 'letzte'),1
('fehlen', 'lawinenunglück'),1
('himalaya', 'lawinenunglück'),1
('lawine', 'vermisst'),1
('40-köpfige', 'lawine'),1
('besorgt', 'lawine'),1
('lawine', 'unterschätzt'),1
('lawine', 'wachsen'),1
('lawine', 'sorgte'),1
('großen', 'lawinenabgang'),1
('14.januar', 'lawinenabgang'),1
('lawinenschutzprogramm', 'neuen'),1
('lawinenschutzprogramm', 'seitdem'),1
('lawinen', 'schutz'),1
('eingebaut', 'lawinen'),1
('lawinenunglück', 'südtirol'),1
('lawinenunglück', 'ums'),1
('gefunden', 'lawinen'),1
('bergsteiger', 'lawinenkegel'),1
('gelegen', 'lawinenkegel'),1
('lawinen', 'tod'),1
('hauptursachen', 'lawinen'),1
('alpen', 'gleitschneelawine'),1
('gleitschneelawine', 'löste'),1
('2019', 'lawinenstufe'),1
('abseits', 'lawinenstufe'),1
('abfahrt', 'lawine'),1
('jedoch', 'lawine'),1
('fuchs', 'lawinenüberlebenderauch'),1
('franziska', 'lawinenüberlebenderauch'),1
('geschneit', 'lawinenwarnstufe'),1
('drei', 'lawinenwarnstufe'),1
('drei', 'lawinenwarndienst'),1
('lawinenwarndienst', 'zufolge'),1
('dadurch', 'lockerschneelawinen'),1
('auslösen', 'lockerschneelawinen'),1
('große', 'schneebrettlawinen'),1
('geringe', 'schneebrettlawinen'),1
('gleitschneelawinen', 'mittelgroße'),1
('auslösen.zum', 'gleitschneelawinen'),1
('kommt', 'lawinewenn'),1
('lawinewenn', 'schicht'),1
('einbricht', 'lawine'),1
('entstehtwenn', 'lawine'),1
('bedingungen', 'lawine'),1
('lawine', 'regel'),1
('größere', 'lawinengefahrnicht'),1
('lawinengefahrnicht', 'schwachschicht'),1
('hälfte', 'lawine'),1
('hälfte', 'lawinenunfälle'),1
('alpen', 'lawinenunfälle'),1
('fallen', 'lawinenwarndienst'),1
('erhöhte', 'lawinengefahr'),1
('1.400', 'lawinengefahr'),1
('lawinenwarndienst', 'mit.der'),1
('lawinenwarndienstes', 'meldung'),1
('dienstagnachmittag', 'lawinenwarndienstes'),1
('lawinenunfall', 'tödlichen'),1
('lawinenunfall', 'zwei'),1
('lawine', 'mann'),1
('lawine', 'mitgerissender'),1
('54-jährige', 'lawinenabgang'),1
('beobachten', 'lawinenabgang'),1
('lawinenwarndienst', 'stufe'),1
('ausgegeben', 'lawinengefahr'),1
('lawinenverhältnisse', 'sichere'),1
('erfordert', 'lawinenverhältnisse'),1
('lawinenunglücke', 'schwere'),1
('gegeben.zum', 'lawinenunglücke'),1
('ausrüstung', 'lawinenretter'),1
('lawinenretter', 'österreich'),1
('lawinenabgang', 'menschen'),1
('lawinenabgang', 'salzburger'),1
('begrabendie', 'lawine'),1
('lawinenunglücken', 'menschen'),1
('lawinenunglücken', 'vergangenen'),1
('drei', 'lawine'),1
('gehabt', 'lawinenabgang'),1
('lawinenabgang', 'staufenkar'),1
('anker', 'lawine'),1
('lawine', 'unten'),1
('höhenmeter', 'lawinenunfall'),1
('ereignete', 'lawinenunfall'),1
('lawinen-verschütteten-suchgerät', 'nahm'),1
('300', 'lawinen-verschütteten-suchgerät'),1
('lawine', 'suchten'),1
('lawine', 'möglichen'),1
('einsatz.lawinenwarndienst', 'notärzte'),1
('einsatz.lawinenwarndienst', 'mäßige'),1
('lawinengefahrlaut', 'mäßige'),1
('bayerischen', 'lawinengefahrlaut'),1
('herrscht', 'lawinenwarndienst'),1
('heißt', 'lawinenlagebericht'),1
('lawinenlagebericht', 'schneebretter'),1
('lawinengefahr', 'winterlich'),1
('langsam', 'lawinengefahr'),1
('gesteinslawinedie', 'heißer'),1
('einwohner', 'gesteinslawinedie'),1
('heiße', 'lawine'),1
('kleinsten', 'lawine'),1
('erdfall', 'lawinen'),1
('lahare', 'lawinen'),1
('lawinen', 'nachfolgenden'),1
('lawinen', 'schneedruck'),1
('lawinen', 'naturkatastrophen'),1
('lawinen', 'prognosen'),1
('lawinengletscher', 'talgletscher'),1
('lawinengletscher', 'lawinenkesselgletscher'),1
('gletscher', 'lawinenkesselgletscher'),1
('abgelagertem', 'lawinenschnee'),1
('gespeist', 'lawinenschnee'),1
('ausgelöste', 'eislawinen'),1
('eislawinen', 'eisstürze'),1
('lawinen', 'tsunamis'),1
('lawinen', 'steinschläge'),1
('lawinenrettungsgruppe', 'schweizer'),1
('hunden', 'lawinenrettungsgruppe'),1
('geschwindigkeit', 'lawinenartig'),1
('hangabwärts', 'lawinenartig'),1
('geborgen', 'glutlawine'),1
('glutlawine', 'variante'),1
('ausgelöste', 'schlammlawine'),1
('100', 'schlammlawine'),1
('risiko', 'schlammlawinen'),1
('lahar', 'schlammlawinen'),1
('trümmerlawine', 'vulkanische'),1
('fließen', 'trümmerlawine'),1
('gashydrate', 'trümmerlawine'),1
('sackung', 'trümmerlawine'),1
('lawinenähnlichen', 'rutschenden'),1
('abgang', 'lawinenähnlichen'),1
('erdrutsch', 'lawine'),1
('lawine', 'mure'),1
('lawinenartig', 'stürzten'),1
('300', 'lawinenartig'),1
('löste', 'schlammlawine'),1
('fläche', 'schlammlawine'),1
('lawinenverbauung', 'wildbach-'),1
('kurzfristige', 'lawinenverbauung'),1
('lawinen', 'liste'),1
('hauptgefahr', 'lawinen'),1
('geschwindigkeit', 'gesteinslawine'),1
('200', 'gesteinslawine'),1
('schlammlawine', 'umgangssprachlich'),1
('bedeutungen', 'lawine'),1
('begriffsklärung', 'lawine'),1
('aufgeführt', 'lawinen'),1
('lawinen', 'massen'),1
('bezeichnet', 'lawinen'),1
('lawine', 'wort'),1
('geht', 'lawine'),1
('form', 'lawine'),1
('betonung', 'lawine'),1
('lawine', '‚schneerutsch'),1
('bedeutetenden', 'lawine'),1
('lawine', 'stammt'),1
('alpinromanischen', 'lawine'),1
('gemäß', 'lawine'),1
('lawine', 'urverwandt'),1
('erschlossen', 'lawinenabgängen'),1
('bedroht', 'lawinenabgängen'),1
('elefanten', 'lawinen'),1
('abhängig', 'lawinen'),1
('arten', 'schneelawinen'),1
('art', 'schneelawinen'),1
('daneben', 'lockerschneelawinen'),1
('ausmaß', 'dachlawine'),1
('dachlawine', 'schneelawine'),1
('kleinen', 'schneelawine'),1
('lawinen', 'unterscheiden'),1
('eissturz', 'lawinen'),1
('kennzeichen', 'schneebrettlawinen'),1
('linienförmiger', 'schneebrettlawinen'),1
('abgangs', 'schneebrettlawine'),1
('schneebrettlawine', 'staublawine'),1
('entwickeln', 'staublawine'),1
('gefahrenlawine', 'klassische'),1
('gefahrenlawine', 'schneesportler'),1
('opfer', 'schneebrettlawine'),1
('ersticken', 'schneebrettlawine'),1
('schneebrettlawinen', 'schneemassen'),1
('schneebrettlawinen', 'treten'),1
('50°', 'schneebrettlawinen'),1
('schneebrettlawinen', 'selten'),1
('lockerschneelawinen', 'vorher'),1
('ausdruck', 'lockerschneelawinen'),1
('flächige', 'lawinenauslösungen'),1
('begriff', 'lawinenauslösungen'),1
('ablagerung', 'lawinenkegel'),1
('lawinenkegel', 'liegen'),1
('nassen', 'schneebrettlawinen'),1
('schneebrettlawinen', 'unterschieden'),1
('lockerschneelawine', 'unterschieden'),1
('lockerschneelawine', 'punktförmigen'),1
('lawine', 'wächst'),1
('lawine', 'lawinen'),1
('lockerschneelawinen', 'trockene'),1
('lockerschneelawinen', 'oberflächliche'),1
('lockerschneelawinen', 'unterteilt'),1
('lockerschneelawinen', 'verlangen'),1
('hangneigung', 'schneebrettlawinen'),1
('häufiges', 'schneebrettlawinen'),1
('beobachtet', 'staublawinen'),1
('entstehen', 'staublawinen'),1
('entsteht', 'staublawine'),1
('geschwindigkeit', 'staublawine'),1
('einher', 'staublawine'),1
('gehen', 'staublawine'),1
('fließanteil', 'staublawinen'),1
('gefährlich', 'staublawinen'),1
('eislawinen', 'führen'),1
('eislawinen', 'folge'),1
('steinlawine', 'zunächst'),1
('bekannten', 'steinlawine'),1
('bekannten', 'schneelawinen'),1
('herabstürzenden', 'schneelawinen'),1
('fließlawine', 'zerschlagen'),1
('fließlawine', 'unterscheiden'),1
('berechenbare', 'grundlawinen'),1
('frühjahr', 'grundlawinen'),1
('oberlawine', 'verfeinert'),1
('oberlawine', 'spricht'),1
('bezeichnet', 'lawine'),1
('grundlawine', 'lawine'),1
('grundlawine', 'seltener'),1
('bodenlawine', 'seltener'),1
('bodenlawine', 'hanglawinen'),1
('erreichen', 'hanglawinen'),1
('gegensatz', 'tallawinen'),1
('fuß', 'tallawinen'),1
('faktoren', 'lawine'),1
('lawine', 'unabhängig'),1
('art', 'lawine'),1
('betrachten', 'lawine'),1
('nassschneelawinen', 'schneebrettern'),1
('nassschneelawinen', 'ziemlich'),1
('erfolgt', 'lawinenart'),1
('lawinenart', 'unterschiedlich'),1
('erstellung', 'lawinenbulletins'),1
('große', 'lawinenbulletins'),1
('erhöht', 'lawinengefahr'),1
('günstigen', 'lawinengefahr'),1
('bevor', 'lawinengefahr'),1
('ansteigt', 'lawinengefahr'),1
('gefahr', 'lawinenabgangs'),1
('besteht', 'lawinenabgangs'),1
('hangneigung', 'lawinenabgang'),1
('allgemeinen', 'lawinenabgang'),1
('lawinen', 'selten'),1
('hangneigung', 'lawinen'),1
('fast', 'lawinen'),1
('beispiel', 'nassschneelawinen'),1
('nassschneelawinen', 'rolle'),1
('nassschneelawinen', 'wärme'),1
('begünstigt', 'nassschneelawinen'),1
('entstehung', 'lawinen'),1
('beeinflusst', 'lawinen'),1
('abgang', 'grundlawinen'),1
('eingeschneiter', 'grundlawinen'),1
('begünstigen', 'oberlawinen'),1
('oberlawinen', 'wald'),1
('anreißen', 'lawinen'),1
('lawinen', 'verhindern'),1
('große', 'staublawinen'),1
('staublawinen', 'stoppen'),1
('schneebrettlawine', 'störeinflüsse'),1
('führen', 'schneebrettlawine'),1
('geraten', 'lawinenabgang'),1
('kommt', 'lawinenabgang'),1
('lawinengefährdete', 'verfestigt'),1
('hänge', 'lawinengefährdete'),1
('lawinengefahr', 'temperaturanstieg'),1
('lawinengefahr', 'zunehmen'),1
('insbesondere', 'nassschneelawinen'),1
('grundsätzlich', 'nassschneelawinen'),1
('lawinensituation', 'veränderung'),1
('folge', 'lawinensituation'),1
('folge', 'lawinengefahr'),1
('geringsten', 'lawinengefahr'),1
('glaubte', 'lawinen'),1
('hexen', 'lawinen'),1
('auslöser', 'lawinen'),1
('größere', 'lawinen'),1
('lawinengefährdeten', 'schneebällen'),1
('hang', 'lawinengefährdeten'),1
('heute', 'lawinen'),1
('lawinen', 'wissenschaftlich'),1
('ausgelöste', 'lawinen'),1
('lawinen', 'wsl-institut'),1
('davos', 'lawinengefahr'),1
('lawinengefahr', 'möglichst'),1
('lawinenforscher', 'rutschblöcken'),1
('lawinenforscher', 'stützen'),1
('einfluss', 'lawinenbildung'),1
('lawinenbildung', 'ungefähr'),1
('lawinenforschung', 'satellitenbilder'),1
('integrieren', 'lawinenforschung'),1
('dynamik', 'lawinen'),1
('lawinen', 'untersuchen'),1
('lawinenschutz', 'maßnahmen'),1
('bzw', 'lawinenschutz'),1
('denen', 'lawinenabgänge'),1
('detektiert', 'lawinenabgänge'),1
('alpine', 'lawinenabgänge'),1
('berechnen', 'lawinenabgänge'),1
('informationen', 'lawinenwarnung'),1
('berechnung', 'lawinenwarnung'),1
('berechnung', 'lawinengefahrenzonen'),1
('lawinengefahrenzonen', 'liefern'),1
('bevölkerung', 'lawinenabgängen'),1
('lawinenabgängen', 'schützen'),1
('aktuelle', 'lawinengefahr'),1
('bestimmtes', 'lawinengefahr'),1
('europäischen', 'lawinengefahrenskala'),1
('angegeben', 'lawinengefahrenskala'),1
('aktuelle', 'lawinenwarnstufe'),1
('alpenländern', 'lawinenwarnstufe'),1
('alpenländern', 'lawinenwarndiensten'),1
('lawinenwarndiensten', 'tag'),1
('beraten', 'lawinenkommissionen'),1
('lawinengefahr', 'verkehrswege'),1
('jeweils', 'lawinengefahr'),1
('lawinenhang', 'potentiellen'),1
('beurteilt', 'lawinenhang'),1
('lawinenbulletin', 'liegen'),1
('eigene', 'lawinenbulletin'),1
('grunde', 'lawinenschutz'),1
('aufgrund', 'lawinenschutz'),1
('lawinengefährdeten', 'prävention'),1
('gebieten', 'lawinengefährdeten'),1
('gehören', 'lawinengalerien'),1
('lawinengalerien', 'sowie'),1
('lawinen', 'vorbeugen'),1
('lawinenverbauungen', 'schutzbauten'),1
('erstellt', 'lawinenverbauungen'),1
('denen', 'lawinen'),1
('künstliche', 'lawinenauslösungen'),1
('gehören', 'lawinenauslösungen'),1
('kontrollierte', 'lawinen'),1
('auszulösen', 'lawinen'),1
('lawinenabgängen', 'unkontrollierten'),1
('lawinenabgängen', 'zuvor'),1
('lawinenschutzmaßnahmen', 'zuvor'),1
('hinblick', 'lawinenschutzmaßnahmen'),1
('lawinenschutzmaßnahmen', 'temporäre'),1
('kurzfristig', 'lawinenschutzmaßnahmen'),1
('ausmaß', 'lawinengefahr'),1
('abgestimmt', 'lawinengefahr'),1
('basis', 'lawinenwarnung'),1
('lagebeobachtung', 'lawinenwarnung'),1
('gremien', 'lawinenkommissionen'),1
('künstliche', 'lawinenauslösung'),1
('handsprengung', 'lawinenauslösung'),1
('lawinensprengmast', 'sprengseilbahn'),1
('/-sprengturm', 'lawinensprengmast'),1
('/-sprengturm', 'lawinenwächter'),1
('lawinenpfeife', 'lawinenwächter'),1
('lawin', 'lawinenpfeife'),1
('lawinenschutz', 'permanentem'),1
('lawinenschutz', 'versteht'),1
('lawinenvorgänge', 'schnee-'),1
('lawinenschutzbepflanzungen', 'lawinenvorgänge'),1
('lawinenschutzbepflanzungen', 'stützverbauungen'),1
('auffangdämme', 'lawinengalerien'),1
('lawinengalerien', 'lawinenschanzen'),1
('gebäuden', 'lawinenschanzen'),1
('lawinenabganges', 'personen'),1
('lawinenschutzmaßnahmen', 'steuerung'),1
('lawinenabganges', 'regeln'),1
('lawinenabganges', 'verringert'),1
('lawinenschutzmaßnahmen', 'versucht'),1
('lawinenbildung', 'prozess'),1
('lawinenabganges', 'lawinenbildung'),1
('lawinenabganges', 'verhindern'),1
('lawinen', 'warnsysteme'),1
('erkennen', 'lawinen'),1
('eislawinen', 'entwickeln'),1
('eisabbrüchen', 'eislawinen'),1
('lawinen', 'überwachen'),1
('lawinen', 'witterungsbedingungen'),1
('lawine', 'zeit'),1
('detektieren', 'lawine'),1
('fall', 'lawine'),1
('lawine', 'straße'),1
('bedrohen', 'lawinen'),1
('bewegt', 'schneebrettlawinen'),1
('regelmäßig', 'schneebrettlawinen'),1
('lawinen', 'personen'),1
('lawinen', 'opfer'),1
('dörfer', 'lawinen'),1
('lawinenwinter', 'trafen'),1
('1950/51', 'lawinenwinter'),1
('lawinengefahr', 'potentielle'),1
('gegeben', 'lawinengefahr'),1
('lawinenkunde', 'systematische'),1
('lawinenrisiko', 'umgang'),1
('innerhalb', 'lawinenrisiko'),1
('faktoren', 'lawinenbildung'),1
('führen', 'lawinenbildung'),1
('lawinenschaufel', 'lvs-gerät'),1
('lawinenschaufel', 'lawinensonde'),1
('erste-hilfe-ausrüstung', 'lawinensonde'),1
('avalanche-ball', 'lawinenairbag'),1
('avalung', 'lawinenairbag'),1
('auslösen', 'lawinen'),1
('lawinen', 'sprengung'),1
('lawinen-sicherungstrupps', 'sprengung'),1
('betracht', 'lawinen-sicherungstrupps'),1
('kommen', 'lawine'),1
('falllinie', 'lawine'),1
('enteilen', 'lawine'),1
('erfolgreich', 'lawinen'),1
('generell', 'lawinen'),1
('lawinenhangs', 'rand'),1
('befindet', 'lawinenhangs'),1
('lawine', 'ski'),1
('dürfte', 'lawine'),1
('beispiel', 'lawinen-airbag'),1
('lawinen-airbag', 'ziehen'),1
('innerhalb', 'lawine'),1
('lawine', 'person'),1
('lawinenabgang', 'ort'),1
('betroffen', 'lawinenabgang'),1
('lawinenverschütteten', 'überlebensrate'),1
('lawinenverschütteten', 'schnell'),1
('hauptartikel', 'lawinenverschüttetensuche'),1
('beachtung', 'lawinenverschüttetensuche'),1
('eigenschutzes', 'nachlawinen'),1
('nachlawinen', 'zügig'),1
('lawinenoberfläche', 'sucht'),1
('lawinenoberfläche', 'stillstand'),1
('lawinensonden', 'setzt'),1
('lawinensonden', 'standort'),1
('lawinensonde', 'lokalisieren'),1
('lawinensonde', 'verschüttungstiefe'),1
('lawinensuchhunde', 'recco-system'),1
('einsetzen', 'lawinensuchhunde'),1
('einsatz', 'lawinenhunden'),1
('lawinenhunden', 'wäre'),1
('lawinenkegel', 'mensch'),1
('betreten', 'lawinenkegel'),1
('lawinenabgänge', 'tote'),1
('lawinenabgänge', 'schwere'),1
('lawinen', 'zweier'),1
('lawinen', 'manaslu'),1
('2012', 'lawine'),1
('begräbt', 'lawine'),1
('diemtigtal', 'lawine'),1
('lawine', 'mitglieder'),1
('nachlawine', 'personen'),1
('gegenhang', 'nachlawine'),1
('2002', 'lawinenunglück'),1
('karmadon-schlucht', 'lawinenunglück'),1
('jamtal', 'lawinenunglück'),1
('1999', 'lawinenkatastrophe'),1
('galtür', 'lawinenkatastrophe'),1
('evolène', 'lawinenunglück'),1
('begräbt', 'eislawine'),1
('eislawine', 'sieben'),1
('1991', 'lawine'),1
('bingöl', 'lawine'),1
('flugzeugwrack', 'lawine'),1
('april', 'lawine'),1
('kinder', 'lawine'),1
('24.', 'lawine'),1
('1970', 'lawine'),1
('lawine', 'reckingen'),1
('1970', 'lawinenunglück'),1
('lawinenunglück', 'val-d'),1
('1965', 'lawine'),1
('lawine', 'sonnenterrassen'),1
('lawinenwarndienstes', 'staatlichen'),1
('lawinenwarndienstes', 'lokaler'),1
('lawinenkommissionen', 'lokaler'),1
('1962', 'lawine'),1
('lawine', 'ort'),1
('lawine', 'zweite'),1
('lawine', 'neun'),1
('große', 'lawinenkatastrophe'),1
('lawinenkatastrophe', 'schweiz'),1
('1950/1951', 'lawinenwinter'),1
('1951', 'lawinenwinter'),1
('lawinenabgänge', 'leben'),1
('februar', 'lawinenabgänge'),1
('1945', 'lawinenunglück'),1
('eppzirler', 'lawinenunglück'),1
('lawinenunglück', 'verletzte'),1
('kukiswumtschorr', 'lawinenunglück'),1
('lawinenunglück', 'schwerste'),1
('japans', 'lawinenunglück'),1
('lawine', 'yuzawa'),1
('dolomiten', 'lawinenabgänge'),1
('lawinen', 'lawinenabgänge'),1
('lawinen', 'vorsätzlich'),1
('lawinen', 'verluste'),1
('erfrierung', 'lawinen'),1
('kampfhandlungen', 'lawinenkatastrophe'),1
('13.', 'lawinenkatastrophe'),1
('1916', 'lawinenabgang'),1
('lawinenabgang', 'märz'),1
('lawine', 'züge'),1
('lawine', 'tal'),1
('königenhof', 'lawine'),1
('lawinenjahr', 'sterben'),1
('1720', 'lawinenjahr'),1
('lawinenartigen', 'spricht'),1
('lawinenartigen', 'vorgängen'),1
('schneelawinen', 'vorgänge'),1
('eislawinen', 'schneelawinen'),1
('eislawinen', 'schlammlawinen'),1
('gemeinsame', 'schlammlawinen'),1
('lawinenschutzbau', 'technik'),1
('lawinenschutzbau', 'zusammengefasst'),1
('benennung', 'lawinenschutz'),1
('bemessung', 'lawinenschutz'),1
('lawinenschutz', 'überwachung'),1
('gefahrenskala', 'lawinen'),1
('lawinen', 'lawinenkommission'),1
('lawinenbulletin', 'lawinenkommission'),1
('lawinenbulletin', 'liste'),1
('lawinenunglücken', 'liste'),1
('lawinenauslösung', 'lawinenunglücken'),1
('lawinenauslösung', 'sprengstoff'),1
('lawinen', 'verlag'),1
('lawine', 'mythos'),1
('kulturgeschichte', 'lawine'),1
('lawine', 'nairz'),1
('entscheidenden', 'lawine'),1
('3×3', 'lawinen'),1
('lawinen', 'völlig'),1
('lawinenschutz', 'pistoi'),1
('all', 'lawinenschutz'),1
('ernst', 'lawinenschutz'),1
('glossar', 'lawinen'),1
('lawinen', 'lawinenforschung'),1
('lawinenforschung', 'lawinengefahr'),1
('lawinengefahr', 'slf-merkblatt'),1
('1,3', 'lawinenschutz'),1
('lawinenschutz', 'slf-merkblatt'),1
('archive', 'lawinen-warn-dreieck.de'),1
('lawinen-warn-dreieck.de', 'pdf-datei'),1
('lawinen', 'überblick'),1
('lawinen', 'recht'),1
('2018', 'lawinengefahr'),1
('folgende', 'lawinengefahr'),1
('information', 'lawinenlage'),1
('fand', 'lawinenlage'),1
('lawinenwarndienst-bayern.de', 'pdf-datei'),1
('lawinenwarndienst-bayern.de', 'schneelastrechner'),1
('atmosphärisch', 'lawinen'),1
('lawinen', 'waldbränden'),1
('erdrutsche', 'lawinen'),1
('lawinen', 'wirken'),1
('erdmassentransporte', 'lawinen'),1
('lawinen', 'massenbewegungen'),1
('lawinen', 'sowie'),1
('lawinenabgängen', 'welt'),1
('lawinenabgängen', 'österreich'),1
('lawine', 'tot'),1
('gefunden', 'lawine'),1
('lawinengefahr', 'schneefälle'),1
('lawinengefahr', 'zuletzt'),1
('bedeutet', 'lawinenwarnzentrale'),1
('lawinen', 'stoppt'),1
('flaschen', 'kostenlawine'),1
('gas', 'kostenlawine'),1
('häusertrümmern', 'schlamm-lawinen'),1
('dutzenden', 'schlamm-lawinen'),1
('lawinengefahr', 'warnten'),1
('bundesstaat', 'lawinengefahr'),1
('erdrutsche', 'schlammlawinen'),1
('gab', 'schlammlawinen'),1
('lawine', 'samstagmorgen'),1
('schlammlawinen', 'sturzfluten'),1
('auslösen', 'schlammlawinen'),1
('könnten', 'schlammlawinen'),1
('hotels', 'schlammlawinen'),1
('betroffen', 'schlammlawinen'),1
('schlammlawine', 'urlauber'),1
('getroffen', 'schlammlawine'),1
('schlammlawinen', 'starkregen'),1
('große', 'schlammlawinen'),1
('schlammlawinen', 'zufolge'),1
('schlammlawinen', 'verschüttet'),1
('keller', 'schlammlawinen'),1
('möglichregional', 'schlammlawinen'),1
('schlammlawinen', 'überschwemmt'),1
('schlammlawinen', 'umgestürzte'),1
('bereiche', 'schlammlawinen'),1
('niedergegangen', 'schlammlawinen'),1
('schlammlawine', 'wochen'),1
('schlammlawine', 'wohngebiet'),1
('lawinenwarndienst', 'zweithöchste'),1
('schlammlawinen', 'worden'),1
('geröll', 'schlammlawinen'),1
('minuten', 'schlammlawinen'),1
('schlammlawinen', 'überflutet'),1
('lucchi.wassermassen', 'schlammlawinen'),1
('schlammlawinen', 'verwüsten'),1
('insbesondere', 'schlammlawinen'),1
('beispiel', 'lawinengebiete'),1
('lawinengebiete', 'meiden'),1
('lawinen', 'risiko'),1
('lawinen', 'wissenschaftler'),1
('herausgefunden', 'lawinenforschung'),1
('lawinenschnee', 'winter'),1
('ab.insgesamt', 'lawinenschnee'),1
('lawinenkegels', 'zonen'),1
('arbeiten', 'lawinenkegels'),1
('eisfrei', 'lawine'),1
('infolge', 'lawine'),1
('dolomiten', 'lawine'),1
('abgang', 'lawine'),1
('lawine', 'sicherlich'),1
('gerölllawinen', 'naturgefahren'),1
('gerölllawinen', 'murenabgänge'),1
('lawinenfracht', 'winter'),1
('gletscher', 'lawinenfracht'),1
('lawinen', 'überflutungen'),1
('gletscherzusammenbruch', 'lawine'),1
('murenabgängen', 'schlammlawinen'),1
('führen', 'schlammlawinen'),1
('eislawine', 'gletscherabbruch'),1
('auslösen', 'eislawine'),1
('geröll-', 'schlammlawine'),1
('ausgelöst', 'schlammlawine'),1