"Word","Frequency"
"('2005', 'hurrikan', 'katrina')",8
"('hurrikan', 'kuba', 'usa')",5
"('1992', 'andrew', 'hurrikan')",4
"('hurrikan-saison', 'karibik', 'usa')",3
"('hurrikan', 'katrina', 'louisiana')",3
"('hurrikan', 'karibik', 'usa')",3
"('angaben', 'hurrikan', 'us-wetterbehörden')",2
"('hurrikan', 'kommenden', 'us-wetterbehörden')",2
"('hurrikan', 'kommenden', 'stärke')",2
"('annimmt.neuer', 'hurrikan', 'zügig')",2
"('annimmt.neuer', 'hurrikan', 'unterwegsunterdessen')",2
"('braut', 'hurrikan', 'unterwegsunterdessen')",2
"('atlantik', 'hurrikan', 'nahm')",2
"('hurrikan', 'irma', 'nahm')",2
"('hurrikan', 'irma', 'windgeschwindigkeiten')",2
"('hurrikan', 'naturkatastrophe', 'vergangenen')",2
"('hurrikan', 'ian', 'vergangenen')",2
"('hurrikan', 'ian', 'usa')",2
"('entstehen', 'hurrikan-saison', 'jahreshälfte')",2
"('entstehen', 'hurrikan-saison', 'usa')",2
"('beispiele', 'dkkv', 'hurrikan')",2
"('beispiele', 'hurrikan', 'katrina')",2
"('hurrikan', 'katrina', 'katrina')",2
"('auswirkungen', 'hurrikan', 'katrina')",2
"('1969', 'camille', 'hurrikan')",2
"('august', 'hurrikan', 'katrina')",2
"('dollar', 'hurrikan', 'katrina')",2
"('hurrikan', 'infolge', 'katrina')",2
"('hurrikan', 'rang', 'saison')",2
"('hurrikan', 'mrd', 'usd')",2
"('1989', 'hugo', 'hurrikan')",2
"('großer', 'hurrikan', 'todesopfer')",2
"('1780', 'großer', 'hurrikan')",2
"('1998', 'hurrikan', 'mitch')",2
"('1974', 'fifi', 'hurrikan')",2
"('1963', 'flora', 'hurrikan')",2
"('atlantischen', 'hurrikan', 'ozean')",2
"('hurrikan', 'nordpazifik', 'stärkste')",2
"('entstehen', 'grundsätzlich', 'hurrikane')",2
"('golf', 'hurrikans', 'mexiko')",2
"('1928', 'okeechobee-hurrikan', 'usa')",2
"('1935', 'labor-day-hurrikan', 'usa')",2
"('1980', 'hurrikan', 'karibik')",2
"('honduras', 'hurrikan', 'nicaragua')",2
"('hurrikan', 'katrina', 'usa')",2
"('2018', 'hurrikan', 'ostküste')",2
"('2018', 'hurrikan', 'leslie')",2
"('englisch', 'hurrikan-saisons', 'verzeichnis')",2
"('2016', 'haiti', 'hurrikan')",2
"('haiti', 'hurrikan', 'matthew')",2
"('heimgesucht', 'hurrikan', 'matthew')",2
"('hurrikane', 'lesen', 'tornados')",1
"('entstehentornados', 'hurrikane', 'tornados')",1
"('entstehentornados', 'hurrikane', 'sechs')",1
"('bayerischen', 'hurrikan-saison', 'landtags')",1
"('hurrikan-saison', 'landtags', 'usa')",1
"('hurrikans', 'meereswasser', 'wärmer')",1
"('brauchen', 'hurrikans', 'wärmer')",1
"('brauchen', 'grad', 'hurrikans')",1
"('hurrikans', 'verweht', 'wolken')",1
"('hurrikans', 'könnten', 'verweht')",1
"('bilden', 'hurrikans', 'könnten')",1
"('hurrikane', 'landkreis', 'material.überschwemmungen')",1
"('erdbeben', 'hurrikane', 'material.überschwemmungen')",1
"('ehrenamtliche', 'erdbeben', 'hurrikane')",1
"('folge', 'hurrikans', 'kamen')",1
"('folge', 'harvey', 'hurrikans')",1
"('harvey', 'hurrikans', 'menschen')",1
"('harvey', 'hurrikan', 'mächtiger')",1
"('freitagabend', 'hurrikan', 'mächtiger')",1
"('freitagabend', 'hurrikan', 'ortszeit')",1
"('hurrikan-zentrum', 'küste', 'nationale')",1
"('hurrikan-zentrum', 'nationale', 'nhc')",1
"('hurrikan-zentrum', 'nhc', 'stufte')",1
"('1995', 'hurrikan', 'kōbe')",1
"('1995', 'hurrikan', 'katrina')",1
"('hurrikan/taifun', 'tornado', 'trogorkan')",1
"('hurrikan/taifun', 'tornado', 'typen')",1
"('hurrikan/taifun', 'schneeverwehung', 'typen')",1
"('hurrikan', 'stürme', 'wirbelstürme')",1
"('hurrikan', 'taifun', 'wirbelstürme')",1
"('hocheffizienten', 'hurrikan', 'taifun')",1
"('hurrikane', 'starken', 'stürmen')",1
"('bestimmten', 'hurrikane', 'stürmen')",1
"('bestimmten', 'hurrikane', 'umständen')",1
"('behandelt', 'doi:10.2312/geowissenschaften.1996.14.24', 'hurrikan')",1
"('behandelt', 'hurrikan', 'katrina')",1
"('hurrikan', 'jahres', 'katrina')",1
"('hurrikan', 'katrina', 'sturm')",1
"('hurrikan', 'kategorie-5-hurrikan', 'katrina')",1
"('kategorie-5-hurrikan', 'katrina', 'sshws')",1
"('hurrikan', 'kategorie-5-hurrikan', 'sshws')",1
"('hurrikan', 'katrina', 'sshws')",1
"('größter', 'hurrikan', 'katrina')",1
"('atlantische', 'hurrikansaison', 'saisonübersicht')",1
"('2005', 'atlantische', 'hurrikansaison')",1
"('2005', 'hurrikan', 'hurrikansaison')",1
"('hurrikan', 'katrina', 'verheerendsten')",1
"('hurrikan', 'staaten', 'vereinigten')",1
"('hurrikan', 'richtete', 'staaten')",1
"('ende', 'hurrikan', 'richtete')",1
"('hurrikan', 'standen', 'wasser')",1
"('bildete', 'hurrikan', 'standen')",1
"('23.', 'bildete', 'hurrikan')",1
"('atlantischen', 'august', 'hurrikansaison')",1
"('2005', 'atlantischen', 'hurrikansaison')",1
"('2005', 'bahamas', 'hurrikansaison')",1
"('gemäßigter', 'hurrikan', 'zunächst')",1
"('gemäßigter', 'hurrikan', 'kategorie')",1
"('eins', 'hurrikan', 'kategorie')",1
"('hurrikan', 'katrina', 'stufe')",1
"('eins', 'hurrikan', 'stufe')",1
"('hurrikan', 'leicht', 'stunden')",1
"('hurrikan', 'stunden', 'tropensturm')",1
"('herabgestuft', 'hurrikan', 'tropensturm')",1
"('erlangte', 'hurrikans', 'status')",1
"('hohe', 'hurrikans', 'status')",1
"('hohe', 'hurrikans', 'wassertemperaturen')",1
"('dritte', 'saffir-simpson-hurrikan-windskala', 'stufe')",1
"('major', 'saffir-simpson-hurrikan-windskala', 'stufe')",1
"('hurrican', 'major', 'saffir-simpson-hurrikan-windskala')",1
"('dritten', 'großen', 'hurrikan')",1
"('großen', 'hurrikan', 'jahres')",1
"('anwuchs', 'hurrikan', 'jahres')",1
"('hurrikan', 'später', 'wochen')",1
"('hurrikan', 'rita', 'später')",1
"('hurrikan', 'rita', 'übertroffen')",1
"('hurrikans', 'intensität', 'zugbahn')",1
"('hurrikans', 'veröffentlicht', 'zugbahn')",1
"('hurrikans', 'sowie', 'veröffentlicht')",1
"('hauptsächlich', 'hurrikan-fliegern', 'wettersatelliten')",1
"('hurrikan-fliegern', 'mittleren', 'wettersatelliten')",1
"('hurrikan-fliegern', 'höhenbereiche', 'mittleren')",1
"('bodenstation', 'gesendet', 'hurrikan-piloten')",1
"('berichteten', 'gesendet', 'hurrikan-piloten')",1
"('berichteten', 'hurrikan-piloten', 'turbulenzen')",1
"('harmlosen', 'hurrikan', 'unwetter')",1
"('hurrikan', 'unwetter', 'verwandelt')",1
"('hurrikan', 'katrina', 'verwandelt')",1
"('2005', 'erreichte', 'hurrikan')",1
"('erreichte', 'hurrikan', 'städte')",1
"('aventura', 'hurrikan', 'städte')",1
"('größe', 'hurrikans', 'katrina')",1
"('größe', 'hurrikans', 'verstärken')",1
"('bevor', 'hurrikans', 'verstärken')",1
"('bekanntgabe', 'hurrikanwarnung', 'vorherigen')",1
"('bekanntgabe', 'hurrikanwarnung', 'verkündete')",1
"('ferner', 'hurrikanwarnung', 'verkündete')",1
"('camille', 'hurrikan', 'katrina')",1
"('auftreffens', 'direkten', 'hurrikans')",1
"('auftreffens', 'hurrikans', 'new')",1
"('hurrikans', 'new', 'orleans')",1
"('hurrikans', 'rechte', 'viertel')",1
"('hurrikans', 'stärksten', 'viertel')",1
"('hurrikans', 'stärksten', 'winden')",1
"('erstmals', 'hurrikan', 'zwangsevakuiert')",1
"('hurrikan', 'stufe', 'zwangsevakuiert')",1
"('drei', 'hurrikan', 'stufe')",1
"('evakuierung', 'falle', 'hurrikans')",1
"('falle', 'hurrikans', 'sieht')",1
"('hurrikans', 'lokale', 'sieht')",1
"('evakuierung', 'hurrikan', 'zurück')",1
"('evakuierung', 'hurrikan', 'ivan')",1
"('2004.', 'hurrikan', 'ivan')",1
"('flutwasser', 'hurrikan', 'kontaminiert')",1
"('hurrikan', 'katrina', 'kontaminiert')",1
"('hurrikan', 'katrina', 'kostspieligste')",1
"('hurrikan', 'schadensgröße', 'übertrifft')",1
"('andrew', 'hurrikan', 'übertrifft')",1
"('2004.', 'hurrikan', 'ozean')",1
"('2004.', 'hurrikan', 'übertraf')",1
"('hurrikan', 'wirtschaftlichen', 'übertraf')",1
"('25.', 'august', 'hurrikan')",1
"('hurrikan', 'katrina', 'süden')",1
"('hurrikan', 'land', 'mal')",1
"('ersten', 'hurrikan', 'land')",1
"('ersten', 'hurrikan', 'stufe')",1
"('florida', 'hurrikan', 'menschen')",1
"('hurrikan', 'katrina', 'menschen')",1
"('hurrikan', 'katrina', 'umkamen')",1
"('dollar', 'hurrikan', 'millionen')",1
"('hurrikan', 'katrina', 'nördlich')",1
"('hurrikan', 'infolge', 'todesfälle')",1
"('29.', 'hurrikan', 'katrina')",1
"('29.', 'august', 'hurrikan')",1
"('buras-triumph', 'hurrikan', 'katrina')",1
"('hurrikan', 'metern', 'registriert')",1
"('hurrikan', 'katrina', 'registriert')",1
"('bescherte', 'hurrikan', 'katrina')",1
"('hurrikan', 'louisiana', 'menschen')",1
"('hurrikan', 'katrina', 'strom')",1
"('flughafen', 'hurrikan', 'zweite')",1
"('flughafen', 'hurrikan', 'katrina')",1
"('hurrikan', 'katrina', 'zerstört')",1
"('dementiert', 'hurrikans', 'stärksten')",1
"('hurrikans', 'stärksten', 'vereinigten')",1
"('hurrikans', 'staaten', 'vereinigten')",1
"('angegeben', 'hurrikan', 'rang')",1
"('hurrikan', 'luftdruck', 'saison')",1
"('auswirkungen', 'hurrikan', 'schaden')",1
"('238', 'hurrikan', 'katrina')",1
"('hurrikan', 'sturm', 'zog')",1
"('hurrikan', 'stufe', 'zog')",1
"('hurrikan', 'stufe', 'städte')",1
"('einziges', 'haus', 'hurrikan')",1
"('boote', 'haus', 'hurrikan')",1
"('boote', 'haushaltsgeräte', 'hurrikan')",1
"('hurrikan', 'infolge', 'menschen')",1
"('hurrikan', 'katrina', 'starben')",1
"('hurrikane', 'siebeneinhalb', 'zentimeter')",1
"('hurrikane', 'usa', 'zentimeter')",1
"('hurrikane', 'toten', 'usa')",1
"('hurrikan', 'rang', 'toten')",1
"('hurrikan', 'opfer', 'saison')",1
"('gesamtquelle', 'hurrikan', 'noaa')",1
"('hurrikan', 'katrina', 'noaa')",1
"('allmählich', 'hurrikan', 'katrina')",1
"('hurrikane', 'notfälle', 'verantwortlich')",1
"('hurrikane', 'notfälle', 'vorbereitete')",1
"('comprehensive', 'hurrikane', 'vorbereitete')",1
"('abflauen', 'hurrikans', 'ranch')",1
"('abflauen', 'drei', 'hurrikans')",1
"('drei', 'hurrikans', 'tage')",1
"('hurrikan', 'usa', 'zumindest')",1
"('energiekrise', 'hurrikan', 'usa')",1
"('bspw', 'energiekrise', 'hurrikan')",1
"('hurrikan', 'stelle', 'östlich')",1
"('festland', 'hurrikan', 'stelle')",1
"('erreichte', 'festland', 'hurrikan')",1
"('chandeleur', 'hurrikan', 'islands')",1
"('hurrikan', 'islands', 'ivan')",1
"('hurrikan', 'ivan', 'mitleidenschaft')",1
"('fortgespült', 'hurrikan', 'wirkte')",1
"('hurrikan', 'lebensräume', 'wirkte')",1
"('hurrikan', 'lebensräume', 'meeresschildkröten')",1
"('fischsterben', 'folgen', 'hurrikan')",1
"('30.', 'folgen', 'hurrikan')",1
"('30.', 'august', 'hurrikan')",1
"('besorgniserregenden', 'erkenntnisse', 'hurrikan')",1
"('erkenntnisse', 'führte', 'hurrikan')",1
"('führte', 'hurrikan', 'radikalen')",1
"('gehören', 'hurrikan', 'projects')",1
"('gehören', 'hurrikan', 'katrina')",1
"('abgeriegelte', 'hurrikan', 'katrina')",1
"('hurrikan', 'medizinischen', 'versorgung')",1
"('hurrikan', 'katrina', 'versorgung')",1
"('hurrikan', 'katrina', 'verwüsteten')",1
"('durchzug', 'erhalten', 'hurrikans')",1
"('alabama', 'durchzug', 'hurrikans')",1
"('alabama', 'hurrikans', 'mississippi')",1
"('2005', 'august', 'hurrikan')",1
"('hurrikan', 'katrina', 'notfunk')",1
"('gehen', 'hurrikan', 'wissenschaftler')",1
"('gehen', 'hurrikan', 'katrina')",1
"('hurrikan', 'katrina', 'new')",1
"('abbremsen', 'hurrikans', 'sprechen')",1
"('abbremsen', 'gänzlich', 'hurrikans')",1
"('gänzlich', 'hurrikans', 'schaden')",1
"('ehren', 'hurrikans', 'todesopfer')",1
"('gewürdigt', 'hurrikans', 'todesopfer')",1
"('gewürdigt', 'hurrikans', 'presse')",1
"('entstanden', 'gebieten', 'hurrikans')",1
"('entstanden', 'größten', 'hurrikans')",1
"('größten', 'hurrikans', 'schäden')",1
"('jahre', 'kategorie-4-hurrikan', 'katrina')",1
"('ida', 'kategorie-4-hurrikan', 'katrina')",1
"('ida', 'kategorie-4-hurrikan', 'new')",1
"('erbe', 'hurrikan', 'zerstörte')",1
"('hurrikan', 'weite', 'zerstörte')",1
"('hurrikan', 'teile', 'weite')",1
"('anlässlich', 'hurrikans', 'sonderausgabe')",1
"('anlässlich', 'hurrikans', 'katrina')",1
"('hurrikans', 'katrina', 'september')",1
"('auge', 'hurrikan', 'orkans')",1
"('hurrikan', 'new', 'orkans')",1
"('hurrikan', 'new', 'orleans')",1
"('2005', 'hurrikans', 'opfern')",1
"('hurrikans', 'liste', 'opfern')",1
"('atlantischen', 'hurrikans', 'liste')",1
"('atlantischen', 'kategorie-5-hurrikane', 'liste')",1
"('atlantischen', 'kategorie-5-hurrikane', 'katrina')",1
"('archive', 'kategorie-5-hurrikane', 'katrina')",1
"('florida', 'hurrikan', 'us-bundesstaat')",1
"('florida', 'hurrikan', 'irma')",1
"('größten', 'hurrikan', 'irma')",1
"('dublette', 'hurrikan', 'wortes')",1
"('beide', 'hurrikan', 'wortes')",1
"('beide', 'gehen', 'hurrikan')",1
"('europa', 'hinwegfegen', 'hurrikan')",1
"('19.', 'hinwegfegen', 'hurrikan')",1
"('19.', 'hurrikan', 'jahrhundert')",1
"('hurrikane', 'tropische', 'wirbelstürme')",1
"('hurrikane', 'taifune', 'wirbelstürme')",1
"('hurrikane', 'meer', 'taifune')",1
"('größten', 'hurrikan', 'versicherungsfälle')",1
"('hurrikan', 'katrina', 'versicherungsfälle')",1
"('andrew', 'hurrikan', 'usd')",1
"('hugo', 'hurrikan', 'usd')",1
"('gleichnamige', 'hurrikan', 'kartenspiel')",1
"('hurrikan', 'kartenspiel', 'kartenspiel')",1
"('hurrikan', 'hurrikan', 'kartenspiel')",1
"('hurrikan', 'kartenspiel', 'tropischer')",1
"('hurrikan', 'tropischer', 'wirbelsturm')",1
"('32,9', 'hurrikane', 'm/s')",1
"('entstehen', 'hurrikane', 'm/s')",1
"('entstehen', 'hurrikane', 'regel')",1
"('hurrikansaison', 'offizielle', 'september')",1
"('dauert', 'hurrikansaison', 'offizielle')",1
"('atlantischen', 'dauert', 'hurrikansaison')",1
"('bezeichnung', 'hurrikan', 'mai')",1
"('bezeichnung', 'geht', 'hurrikan')",1
"('geht', 'hurrikan', 'sprache')",1
"('dublette', 'etymologische', 'hurrikan')",1
"('bezeichnung', 'dublette', 'hurrikan')",1
"('bezeichnung', 'hurrikan', 'tropische')",1
"('deutsche', 'hurrikan', 'schreibweise')",1
"('hurrikan', 'schreibweise', 'sowohl')",1
"('deutsche', 'hurrikan', 'sowohl')",1
"('hurrikane', 'lautet', 'mehrzahl')",1
"('englischer', 'hurrikane', 'mehrzahl')",1
"('englischer', 'hingegen', 'hurrikane')",1
"('englischer', 'hingegen', 'hurrikans')",1
"('gedruckte', 'hingegen', 'hurrikans')",1
"('duden', 'gedruckte', 'hurrikans')",1
"('aufscheint', 'hurrikan', 'pons')",1
"('allgemeinen', 'aufscheint', 'hurrikan')",1
"('allgemeinen', 'hurrikan', 'tropische')",1
"('atlantische', 'hurricane', 'hurrikane')",1
"('atlantische', 'hurrikane', 'opfern')",1
"('hurrikane', 'opfern', 'rang')",1
"('hurrikan', 'opfern', 'rang')",1
"('hurrikan', 'rang', 'todesopfer')",1
"('1780', '1780', 'hurrikan')",1
"('1780', '22.000+', 'hurrikan')",1
"('22.000+', 'hurrikan', 'mitch')",1
"('11.000–18.000', '1998', 'galveston-hurrikan')",1
"('11.000–18.000', '1900', 'galveston-hurrikan')",1
"('1900', '1900', 'galveston-hurrikan')",1
"('1900', '6.000–12.000', 'hurrikan')",1
"('6.000–12.000', 'fifi', 'hurrikan')",1
"('1974', '8.000–10.000', 'san-zenon-hurrikan')",1
"('1930', '8.000–10.000', 'san-zenon-hurrikan')",1
"('1930', '2.000–8.000', 'san-zenon-hurrikan')",1
"('1930', '2.000–8.000', 'hurrikan')",1
"('2.000–8.000', 'flora', 'hurrikan')",1
"('1776', '6.000+', 'neufundland-hurrikan')",1
"('1775', '6.000+', 'neufundland-hurrikan')",1
"('1775', '4.000–4.163', 'neufundland-hurrikan')",1
"('1775', '4.000–4.163', 'okeechobee-hurrikan')",1
"('1928', '4.000–4.163', 'okeechobee-hurrikan')",1
"('1928', '3.375–4.075', 'okeechobee-hurrikan')",1
"('1928', '3.375–4.075', 'san-ciriaco-hurrikan')",1
"('1899', '3.375–4.075', 'san-ciriaco-hurrikan')",1
"('1899', '3.064–3.433+', 'san-ciriaco-hurrikan')",1
"('hurrikans', 'niederschläge', 'schweren')",1
"('hurrikans', 'niederschläge', 'stellen')",1
"('große', 'hurrikans', 'stellen')",1
"('dollar', 'hurrikan', 'milliarden')",1
"('atlantischen', 'hurrikan', 'toten')",1
"('22.000', 'atlantischen', 'hurrikan')",1
"('22.000', 'hurrikan', 'menschenleben')",1
"('große', 'hurrikan', 'verursachte')",1
"('1780.', 'große', 'hurrikan')",1
"('1780.', 'hurrikan', 'stärkste')",1
"('dato', 'gemessene', 'hurrikan')",1
"('atlantischen', 'gemessene', 'hurrikan')",1
"('hurrikan', 'ozean', 'wilma')",1
"('hurrikan', 'kerndruck', 'wilma')",1
"('beobachteten', 'hurrikane', 'schneller')",1
"('beobachteten', 'hurrikane', 'innerhalb')",1
"('hurrikane', 'innerhalb', 'stunden')",1
"('113', 'hurrikan', 'km/h')",1
"('hurrikan', 'kategorie', 'km/h')",1
"('282', 'hurrikan', 'kategorie')",1
"('hurrikan', 'sowohl', 'stärkste')",1
"('gemessene', 'hurrikan', 'stärkste')",1
"('gemessene', 'hurrikan', 'weltweit')",1
"('hurrikan', 'hurrikan', 'weltweit')",1
"('hurrikan', 'patricia', 'weltweit')",1
"('hurrikan', 'kerndruck', 'patricia')",1
"('gemessen', 'hurrikan', 'luftdruck')",1
"('gemessen', 'hurrikan', 'patricia')",1
"('hurrikan', 'hält', 'patricia')",1
"('hurrikans', 'mittlere', 'windgeschwindigkeit')",1
"('138', 'hurrikans', 'windgeschwindigkeit')",1
"('138', 'hurrikans', 'km/h')",1
"('hurrikan', 'sofern', 'stunden')",1
"('frontalzone', 'hurrikan', 'sofern')",1
"('frontalzone', 'hurrikan', 'mittleren')",1
"('atlantischen', 'bevorstehenden', 'hurrikansaison')",1
"('atlantischen', 'hurrikansaison', 'national')",1
"('hurrikansaison', 'national', 'oceanic')",1
"('hurrikane', 'vorhergesagt', 'witterungsprognose')",1
"('entstehen', 'hurrikane', 'vorhergesagt')",1
"('entsteht', 'hurrikanwolken', 'oberhalb')",1
"('hurrikanwolken', 'oberhalb', 'zone')",1
"('hohen', 'hurrikanwolken', 'zone')",1
"('antizyklone', 'fläche', 'hurrikan')",1
"('bedeckt', 'fläche', 'hurrikan')",1
"('bedeckt', 'einheitliches', 'hurrikan')",1
"('entsteht', 'hurrikan', 'kommt')",1
"('hurrikan', 'kommt', 'landnähe')",1
"('hurrikan', 'landnähe', 'verlagern')",1
"('hurrikan', 'reduziert', 'zieht')",1
"('hurrikan', 'land', 'zieht')",1
"('hurrikan', 'land', 'versiegt')",1
"('ausreichen', 'hurrikan', 'wassertemperaturen')",1
"('ausreichen', 'hurrikan', 'vince')",1
"('betroffene', 'hurrikan', 'vince')",1
"('energie', 'hurrikans', 'stärke')",1
"('hurrikans', 'sammeln', 'stärke')",1
"('abstand', 'hurrikans', 'sammeln')",1
"('entstehung', 'heißt', 'hurrikans')",1
"('entstehung', 'hurrikans', 'höhenwind')",1
"('hurrikans', 'höhenwind', 'ähnlicher')",1
"('funktion', 'hurrikans', 'thermodynamische')",1
"('besteht', 'funktion', 'hurrikans')",1
"('besteht', 'darin', 'hurrikans')",1
"('amo', 'hurrikansaisons', 'intensivere')",1
"('ereignen', 'hurrikansaisons', 'intensivere')",1
"('ereignen', 'hurrikansaisons', 'kalter')",1
"('hurrikansaisons', 'intensivsten', 'zehn')",1
"('beginn', 'hurrikansaisons', 'intensivsten')",1
"('beginn', 'hurrikansaisons', 'messungen')",1
"('hurrikansaisons', 'milden', 'vergleichsweise')",1
"('1995', 'hurrikansaisons', 'milden')",1
"('1995', 'befindet', 'hurrikansaisons')",1
"('amo', 'hurrikanintensität', 'warmphase')",1
"('hurrikanintensität', 'trend', 'warmphase')",1
"('hurrikanintensität', 'trend', 'zunahm')",1
"('erhöhter', 'hurrikanintensität', 'phase')",1
"('atlantischen', 'erhöhter', 'hurrikanintensität')",1
"('atlantischen', 'hurrikanintensität', 'ozean')",1
"('el-niño-jahre', 'hurrikan-wahrscheinlichkeit', 'reduzierten')",1
"('hurrikan-wahrscheinlichkeit', 'reduzierten', 'zusammen')",1
"('hurrikan-wahrscheinlichkeit', 'westküste', 'zusammen')",1
"('fall', 'gegenteiliges', 'hurrikane')",1
"('entstehen', 'fall', 'hurrikane')",1
"('entstehungsorte', 'hurrikane', 'ziehen')",1
"('entstehungsorte', 'hurrikane', 'nennt')",1
"('hurricane', 'hurrikane', 'nennt')",1
"('bilden', 'hurrikane', 'ozean')",1
"('bilden', 'hurrikane', 'südlich')",1
"('acapulco', 'hurrikane', 'südlich')",1
"('erreichen', 'festland', 'hurrikan')",1
"('erreichen', 'hurrikan', 'vince')",1
"('bildete', 'hurrikan', 'vince')",1
"('2005', 'erstmals', 'spanien-hurrikan')",1
"('1842', 'erstmals', 'spanien-hurrikan')",1
"('1842', 'spanien-hurrikan', 'tropischer')",1
"('delta', 'hurrikan', 'sturm')",1
"('delta', 'epsilon', 'hurrikan')",1
"('epsilon', 'hurrikan', 'sowie')",1
"('hurrikan', 'saffir-simpson-skala', 'spricht')",1
"('hurrikan', 'spricht', 'windgeschwindigkeit')",1
"('hurrikan', 'knoten', 'windgeschwindigkeit')",1
"('beaufort-skala', 'erreicht', 'saffir-simpson-hurrikan-windskala')",1
"('erreicht', 'kategorie', 'saffir-simpson-hurrikan-windskala')",1
"('kategorie', 'saffir-simpson-hurrikan-windskala', 'wind')",1
"('920', 'hurrikans', 'zerstörungskraft')",1
"('hurrikans', 'wächst', 'zerstörungskraft')",1
"('dritten', 'hurrikans', 'wächst')",1
"('hurrikans', 'unterscheiden', 'zuggeschwindigkeit')",1
"('bewegung', 'hurrikans', 'zuggeschwindigkeit')",1
"('auges', 'bewegung', 'hurrikans')",1
"('hurrikans', 'rechten', 'seite')",1
"('hurrikans', 'seite', 'stärkere')",1
"('hurrikans', 'stärkere', 'windgeschwindigkeiten')",1
"('fall', 'hurrikans', 'wirkt')",1
"('fall', 'grund', 'hurrikans')",1
"('corioliskraft', 'grund', 'hurrikans')",1
"('auge', 'größten', 'hurrikan')",1
"('100', 'größten', 'hurrikan')",1
"('100', 'durchmesser', 'hurrikan')",1
"('hurrikans', 'rechts', 'zugrichtung')",1
"('hurrikans', 'kategorie', 'zugrichtung')",1
"('300', 'hurrikans', 'kategorie')",1
"('atlantische', 'hurrikane', 'überschritten')",1
"('atlantische', 'entstehung', 'hurrikane')",1
"('entstehung', 'hurrikane', 'überwiegend')",1
"('hurrikane', 'quasi', 'unbewegten')",1
"('abschwächten', 'hurrikane', 'unbewegten')",1
"('abschwächten', 'hurrikane', 'kühleres')",1
"('auszuschließen', 'hurrikane', 'südwesten')",1
"('auszuschließen', 'erhalten', 'hurrikane')",1
"('energie', 'erhalten', 'hurrikane')",1
"('getroffen', 'hurrikaneinzugsgebiet', 'windgeschwindigkeit')",1
"('getroffen', 'große', 'hurrikaneinzugsgebiet')",1
"('große', 'hurrikaneinzugsgebiet', 'wassermassen')",1
"('hurrikanen', 'stärke', 'zugrichtung')",1
"('hurrikanen', 'stärke', 'wichtig')",1
"('bevölkerung', 'hurrikanen', 'wichtig')",1
"('bahn', 'hurrikans', 'kenntnisstand')",1
"('bahn', 'hurrikans', 'langfristig')",1
"('hurrikans', 'langfristig', 'position')",1
"('erreichen', 'hurrikans', 'innehatte')",1
"('erreichen', 'hurrikans', 'sowohl')",1
"('atlantik-', 'hurrikans', 'sowohl')",1
"('daher', 'hurrikans', 'lenkte')",1
"('daher', 'golf', 'hurrikans')",1
"('drei-', 'fünfmal', 'hurrikane')",1
"('fünfmal', 'golfküste', 'hurrikane')",1
"('erreichten', 'golfküste', 'hurrikane')",1
"('besondere', 'erhielten', 'hurrikane')",1
"('besondere', 'hurrikane', 'namen')",1
"('hurrikane', 'namen', 'new')",1
"('benennung', 'hurrikane', 'service')",1
"('benennung', 'hurrikane', 'sowie')",1
"('folgejahr', 'hurrikane', 'sowie')",1
"('aktivste', 'atlantische', 'hurrikansaison')",1
"('1933', 'atlantische', 'hurrikansaison')",1
"('1933', 'hurrikansaison', 'registrierten')",1
"('hurrikan', 'meteorological', 'organization')",1
"('hurrikan', 'organization', 'schlimmen')",1
"('hurrikan', 'schaden', 'schlimmen')",1
"('hurrikan', 'tropische', 'wirbelsturm')",1
"('hurrikan', 'katrina', 'wirbelsturm')",1
"('hurrikan', 'katrina', 'trug')",1
"('hurrikans', 'weibliche', 'zurückgegriffen')",1
"('hurrikans', 'sorgen', 'weibliche')",1
"('durchschnitt', 'hurrikans', 'sorgen')",1
"('atlantische', 'hurrikansaisons', 'unvorsichtiger')",1
"('1492–1600', 'atlantische', 'hurrikansaisons')",1
"('1492–1600', '1601–1700', 'hurrikansaisons')",1
"('2024', 'hurrikansaisons', 'pazifische')",1
"('1960', 'hurrikansaisons', 'pazifische')",1
"('1960', '1961', 'hurrikansaisons')",1
"('großer', 'hurrikan', 'wirbelsturmsaison')",1
"('1780', 'hurrikan', 'karibik')",1
"('1780', 'galveston-hurrikan', 'karibik')",1
"('1900', 'galveston-hurrikan', 'karibik')",1
"('1900', 'galveston-hurrikan', 'usa')",1
"('1900', 'okeechobee-hurrikan', 'usa')",1
"('1928', 'labor-day-hurrikan', 'usa')",1
"('1935', 'hurrikan', 'usa')",1
"('hattie', 'hurrikan', 'usa')",1
"('1961', 'hattie', 'hurrikan')",1
"('1961', 'hurrikan', 'mittelamerika')",1
"('flora', 'hurrikan', 'mittelamerika')",1
"('1963', 'hurrikan', 'karibik')",1
"('dora', 'hurrikan', 'karibik')",1
"('1964', 'dora', 'hurrikan')",1
"('1964', 'hurrikan', 'usa')",1
"('camille', 'hurrikan', 'usa')",1
"('1969', 'hurrikan', 'usa')",1
"('ginger', 'hurrikan', 'usa')",1
"('1971', 'ginger', 'hurrikan')",1
"('atlantischer', 'hurrikan', 'ozean')",1
"('fifi', 'hurrikan', 'ozean')",1
"('10.000', 'hurrikan', 'tote')",1
"('david', 'hurrikan', 'tote')",1
"('1979', 'david', 'hurrikan')",1
"('4.000', 'hurrikan', 'tote')",1
"('1980', 'hurrikan', 'tote')",1
"('gilbert', 'hurrikan', 'karibik')",1
"('1988', 'gilbert', 'hurrikan')",1
"('1988', 'hurrikan', 'karibik')",1
"('hugo', 'hurrikan', 'karibik')",1
"('bob', 'hurrikan', 'usa')",1
"('1991', 'bob', 'hurrikan')",1
"('hurrikan', 'island', 'stromausfall')",1
"('andrew', 'hurrikan', 'stromausfall')",1
"('1992', 'hurrikan', 'usa')",1
"('hurrikan', 'mitch', 'usa')",1
"('charley', 'honduras', 'hurrikan')",1
"('2004', 'charley', 'hurrikan')",1
"('frances', 'hurrikan', 'usa')",1
"('2004', 'frances', 'hurrikan')",1
"('bahamas', 'hurrikan', 'usa')",1
"('hurrikan', 'ivan', 'usa')",1
"('2004', 'hurrikan', 'ivan')",1
"('hurrikan', 'jeanne', 'usa')",1
"('2004', 'hurrikan', 'jeanne')",1
"('haiti', 'hurrikan', 'usa')",1
"('dennis', 'hurrikan', 'usa')",1
"('2005', 'dennis', 'hurrikan')",1
"('2005', 'hurrikan', 'usa')",1
"('hurrikan', 'rita', 'usa')",1
"('2005', 'hurrikan', 'rita')",1
"('hurrikan', 'stan', 'usa')",1
"('2005', 'hurrikan', 'stan')",1
"('2005', 'hurrikan', 'mittelamerika')",1
"('hurrikan', 'mittelamerika', 'vince')",1
"('2005', 'hurrikan', 'vince')",1
"('hurrikan', 'kanaren', 'spanien')",1
"('hurrikan', 'spanien', 'wilma')",1
"('2005', 'hurrikan', 'wilma')",1
"('hurrikan', 'mexiko', 'usa')",1
"('dean', 'hurrikan', 'usa')",1
"('2007', 'dean', 'hurrikan')",1
"('belize', 'hurrikan', 'karibik')",1
"('felix', 'hurrikan', 'karibik')",1
"('2007', 'felix', 'hurrikan')",1
"('honduras', 'hurrikan', 'ike')",1
"('2008', 'hurrikan', 'ike')",1
"('hurrikan', 'irene', 'usa')",1
"('2011', 'hurrikan', 'irene')",1
"('2011', 'hurrikan', 'usa')",1
"('hurrikan', 'sandy', 'usa')",1
"('2012', 'hurrikan', 'sandy')",1
"('hurrikan', 'matthew', 'usa')",1
"('2016', 'hurrikan', 'matthew')",1
"('hurrikan', 'kolumbien', 'usa')",1
"('hurrikan', 'irma', 'usa')",1
"('2017', 'hurrikan', 'irma')",1
"('florence', 'hurrikan', 'usa')",1
"('2018', 'florence', 'hurrikan')",1
"('2018', 'hurrikan', 'usa')",1
"('golf', 'hurrikan', 'mexiko/florida')",1
"('hurrikan', 'leslie', 'mexiko/florida')",1
"('2018', 'hurrikan', 'ida')",1
"('2021', 'hurrikan', 'ida')",1
"('hemisphäre', 'hurrikan', 'südliche')",1
"('catarina', 'hemisphäre', 'hurrikan')",1
"('2004', 'catarina', 'hurrikan')",1
"('hurrikane', 'zahlreicher', 'zerstörungskraft')",1
"('hurrikane', 'zahlreicher', 'zyklone')",1
"('1737', 'hurrikane', 'zyklone')",1
"('englisch', 'englisch', 'hurrikan-saisons')",1
"('ausführliche', 'hurrikan-informationen', 'naturgewalten.de')",1
"('ausführliche', 'hurrikan-informationen', 'wiki')",1
"('hurrikan-informationen', 'wiki', 'zentrale')",1
"('globalen', 'hurrikans', 'vordringen')",1
"('globalen', 'golf', 'hurrikans')",1
"('m/s', 'saffir-simpson-hurrikan-windskala', 'supertaifune')",1
"('saffir-simpson-hurrikan-windskala', 'sturm', 'supertaifune')",1
"('kategorie', 'saffir-simpson-hurrikan-windskala', 'sturm')",1
"('diesbezüglich', 'diverse', 'hurrikane')",1
"('diverse', 'hurrikan', 'hurrikane')",1
"('hurrikan', 'hurrikane', 'katrina')",1
"('2005', 'andrew', 'hurrikan')",1
"('hurrikans', 'länder', 'wetterphänomenen')",1
"('hurrikans', 'monsunregen', 'wetterphänomenen')",1
"('betroffen', 'hurrikans', 'monsunregen')",1
"('bildung', 'hurrikanen', 'nordatlantik')",1
"('begünstigen', 'bildung', 'hurrikanen')",1
"('begünstigen', 'führende', 'hurrikanen')",1
"('hauptphase', 'hurrikansaison', 'niña-bedingungen')",1
"('hauptphase', 'hurrikansaison', 'september')",1
"('ausgeprägter', 'hurrikansaison', 'september')",1
"('hurrikanen', 'stürmen', 'tropischen')",1
"('hurrikanen', 'schweren', 'stürmen')",1
"('hurrikanen', 'hurrikanen', 'schweren')",1
"('hurrikanen', 'prognosemodelle', 'schweren')",1
"('externer', 'hurrikanen', 'prognosemodelle')",1
"('hurrikanstärke', 'tropische', 'wirbelstürme')",1
"('erreichte', 'hurrikanstärke', 'wirbelstürme')",1
"('erreichte', 'größte', 'hurrikanstärke')",1
"('hurrikane', 'tornados', 'wirbelstürme')",1
"('entstehenretter', 'hurrikane', 'tornados')",1
"('entstehenretter', 'erdrutsch', 'hurrikane')",1
"('hurrikans', 'september', 'tropenstürme')",1
"('hurrikans', 'land', 'tropenstürme')",1
"('getroffen', 'hurrikans', 'land')",1
"('hurrikan', 'sturms', 'wochenende')",1
"('hurrikan', 'nicaragua', 'wochenende')",1
"('hurrikan', 'land', 'nicaragua')",1
"('gebildet', 'hurrikan', 'kolumbien')",1
"('gebildet', 'hurrikan', 'niedrigsten')",1
"('hurrikan', 'kategorie', 'niedrigsten')",1
"('erdrutschen', 'hurrikanzentrum', 'nationale')",1
"('hurrikanzentrum', 'nationale', 'usa')",1
"('hurrikanzentrum', 'teilte', 'usa')",1
"('hurrikan', 'kay', 'tropensturms')",1
"('hurrikan', 'kay', 'mexiko')",1
"('hurrikan', 'land', 'mexiko')",1
"('durchzug', 'erwartet', 'hurrikans')",1
"('agatha', 'durchzug', 'hurrikans')",1
"('agatha', 'hurrikans', 'zahl')",1
"('strom', 'sur', 'telefonverbindung.hurrikan')",1
"('agatha', 'strom', 'telefonverbindung.hurrikan')",1
"('agatha', 'sorgt', 'telefonverbindung.hurrikan')",1
"('erdrutscheals', 'erster', 'hurrikan')",1
"('erster', 'hurrikan', 'saison')",1
"('hurrikan', 'saison', 'wirbelsturm')",1
"('aufzeichnungenals', 'beginn', 'hurrikan')",1
"('aufzeichnungenals', 'hurrikan', 'kategorie')",1
"('hurrikan', 'kategorie', 'zwei')",1
"('agatha', 'angaben', 'us-hurrikanzentrums')",1
"('angaben', 'nhc', 'us-hurrikanzentrums')",1
"('nhc', 'stärkste', 'us-hurrikanzentrums')",1
"('auf.die', 'hurrikansaison', 'löste')",1
"('auf.die', 'dauert', 'hurrikansaison')",1
"('dauert', 'hurrikansaison', 'pazifik')",1
"('daten', 'hurrikan', 'usa')",1
"('asien', 'hurrikan', 'katrina')",1
"('hurrikan', 'menschen', 'starben')",1
"('hurrikan', 'starben', 'verheerendsten')",1
"('hurrikan', 'naturkatastrophen', 'verheerendsten')",1
"('1998.besonders', 'günstige', 'hurrikan-saisonungewöhnlich')",1
"('günstige', 'hurrikan-saisonungewöhnlich', 'warme')",1
"('hurrikan-saisonungewöhnlich', 'warme', 'wassermassen')",1
"('günstige', 'hurrikan-saison', 'mexiko')",1
"('günstige', 'hurrikan-saison', 'reicht')",1
"('hurrikan-saison', 'normalerweise', 'reicht')",1
"('hurrikander', 'wirbelsturm', 'zu.vom')",1
"('hurrikander', 'stärkste', 'wirbelsturm')",1
"('hurrikander', 'sturm', 'stärkste')",1
"('entwickelte', 'hurrikan', 'laura')",1
"('entwickelte', 'erreichte', 'hurrikan')",1
"('erreichte', 'größenordnung', 'hurrikan')",1
"('hurrikan', 'us-golfküste', 'wirbelsturm')",1
"('hurrikan', 'windgeschwindigkeiten', 'wirbelsturm')",1
"('118,4', 'hurrikan', 'windgeschwindigkeiten')",1
"('atlantische', 'hurrikan-saison', 'stärkste')",1
"('1933', 'atlantische', 'hurrikan-saison')",1
"('1933', 'genau', 'hurrikan-saison')",1
"('maria', 'nate', 'us-hurrikanzentrums')",1
"('harold', 'nate', 'us-hurrikanzentrums')",1
"('harold', 'idalia', 'us-hurrikanzentrums')",1
"('genutzt', 'hurrikans', 'werden.2017')",1
"('hurrikans', 'schlimmste', 'werden.2017')",1
"('2005.', 'hurrikans', 'schlimmste')",1
"('2005.', 'hurrikane', 'stürmen')",1
"('hurrikane', 'sechs', 'stürmen')",1
"('hurrikane', 'sechs', 'stärke')",1
"('auswirkungen', 'früheren', 'hurrikans')",1
"('früheren', 'hurrikans', 'ophelia')",1
"('hurrikans', 'irland', 'ophelia')",1
"('hurrikan', 'pauli', 'wasser')",1
"('hurrikan', 'irma', 'wasser')",1
"('hurrikan', 'inselkette', 'irma')",1
"('puente', 'sagte', 'us-hurrikan-zentrum')",1
"('lebensbedrohlichen', 'puente', 'us-hurrikan-zentrum')",1
"('lebensbedrohlichen', 'us-hurrikan-zentrum', 'überschwemmungen')",1
"('floridanach', 'hurrikan', 'vorhersagen')",1
"('hurrikan', 'sintflutartigen', 'vorhersagen')",1
"('hurrikan', 'regenfällen', 'sintflutartigen')",1
"('gerüstet', 'hurrikan.obwohl', 'schlecht')",1
"('gerüstet', 'hurrikan.obwohl', 'sturm')",1
"('hurrikan.obwohl', 'sturm', 'westen')",1
"('ausgerufen', 'hurrikanzentrums', 'modelle')",1
"('hurrikanzentrums', 'modelle', 'sehen')",1
"('hurrikanzentrums', 'irmas', 'sehen')",1
"('hurrikan', 'kuba', 'kubain')",1
"('hurrikan', 'kuba', 'stärke')",1
"('hurrikan', 'stärke', 'zugelegt')",1
"('galt', 'hurrikans', 'weiteren')",1
"('hurrikans', 'höchste', 'weiteren')",1
"('gefahrenstufe', 'hurrikans', 'höchste')",1
"('befindet', 'hurrikanzentrum', 'nationalen')",1
"('hurrikanzentrum', 'nationalen', 'usa')",1
"('hurrikan', 'hurrikanzentrum', 'usa')",1
"('hurrikan', 'stufe', 'usa')",1
"('hurrikan', 'kategorisiert', 'stufe')",1
"('hurrikan', 'nordkoreas.der', 'vorgehen')",1
"('hurrikan', 'irma', 'nordkoreas.der')",1
"('hurrikan', 'irma', 'karibik-inseln')",1
"('kürzlichen', 'wahlkampfveranstaltung.hurrikan', 'özoguz.bei')",1
"('irma', 'kürzlichen', 'wahlkampfveranstaltung.hurrikan')",1
"('irma', 'karibik', 'wahlkampfveranstaltung.hurrikan')",1
"('augenmerk', 'dollar', 'hurrikan')",1
"('augenmerk', 'hurrikan', 'irma')",1
"('atlantik', 'hurrikan', 'irma')",1
"('ansteuern', 'einwohner', 'hurrikangefährdeten')",1
"('einwohner', 'gebieten', 'hurrikangefährdeten')",1
"('gebieten', 'hurrikangefährdeten', 'sollten')",1
"('folgen', 'hurrikan', 'schnüren')",1
"('folgen', 'harvey', 'hurrikan')",1
"('beheben', 'harvey', 'hurrikan')",1
"('dollar', 'hurrikan', 'schaden')",1
"('hurrikan', 'ian', 'schaden')",1
"('ende', 'hurrikan', 'ian')",1
"('hurrikan', 'september', 'us-ostküste')",1
"('hurrikan', 'ian', 'us-ostküste')",1
"('hurrikan', 'ian', 'zerstörte')",1
"('grenze', 'hurrikane', 'überschritten')",1
"('hurrikane', 'treffen', 'überschritten')",1
"('hurrikane', 'nordamerika', 'treffen')",1
"('dollar', 'gesamtschaden', 'hurrikane')",1
"('gesamtschaden', 'hurrikane', 'maßgeblicher')",1
"('faktor', 'hurrikane', 'maßgeblicher')",1
"('hurrikanstärke', 'pro', 'stürme')",1
"('hurrikanstärke', 'pro', 'zahl')",1
"('hurrikanstärke', 'stürme', 'zahl')",1
